"key","item_type","item_name","generic","class","source_file","ownership","intended_package","current_status","direct_callers","transitive_callers","tests","documentation","known_downstream_callers","lifecycle_action","target_release","protected_call_graph"
"export:adjusted.rand.index","export","adjusted.rand.index","","","R/clustering.R","CORE-PRIVATE","gflow-internal-or-specialist-package","public-export","congruence.with.labels","congruence.with.labels","tests/testthat/test-congruence-with-labels.R","man/adjusted.rand.index.Rd","none","REVIEW-AND-DEEXPORT","phase-5-or-6","no"
"export:analyze.dbscan.noise","export","analyze.dbscan.noise","","","R/extremality_utils.R","CORE-ANALYSIS","gflow","public-export","none","none","none","man/analyze.dbscan.noise.Rd","none","KEEP-PENDING-S3-REVIEW","phase-6","no"
"export:analyze.extrema.distribution","export","analyze.extrema.distribution","","","R/gflow_cx.R","PROTECTED","gflow","public-export","none","none","none","man/analyze.extrema.distribution.Rd","none","PROTECT","outside-cleanup-scope","yes"
"export:analyze.harmonic.extensions","export","analyze.harmonic.extensions","","","R/gflow_cx_utils.R","CORE-ANALYSIS","gflow","public-export","none","none","none","man/analyze.harmonic.extensions.Rd","none","KEEP-PENDING-S3-REVIEW","phase-6","no"
"export:angle.alignment","export","angle.alignment","","","R/circular_data_utils.R","CORE-PRIVATE","gflow-internal-or-specialist-package","public-export","none","none","none","man/angle.alignment.Rd","none","REVIEW-AND-DEEXPORT","phase-5-or-6","no"
"export:apply.harmonic.extension","export","apply.harmonic.extension","","","R/gflow_cx_utils.R","CORE-ANALYSIS","gflow","public-export","compare.harmonic.methods","analyze.harmonic.extensions;compare.harmonic.methods","none","man/apply.harmonic.extension.Rd","none","KEEP-PENDING-S3-REVIEW","phase-6","no"
"export:as.basin.complex","export","as.basin.complex","","","R/basin_complex.R","PROTECTED","gflow","public-export","none","none","tests/testthat/test-basin-complex-phase-b.R;tests/testthat/test-basin-complex-phase-h.R","man/as.basin.complex.Rd","none","PROTECT","outside-cleanup-scope","yes"
"export:basin","export","basin","","","R/compute_basins_of_attraction.R","PROTECTED","gflow","public-export","none","none","tests/testthat/test-basin-complex-phase-b.R;tests/testthat/test-basin-complex-phase-c.R;tests/testthat/test-basin-complex-phase-d.R;tests/testthat/test-basin-complex-phase-e.R;tests/testthat/test-basin-complex-phase-f.R;tests/testthat/test-basin-complex-phase-g.R;tests/testthat/test-basin-complex-phase-h.R;tests/testthat/test-basin-complex-plateau-flow.R;tests/testthat/test-basin-summary-cpp.R;tests/testthat/test-cleanup-ownership-guardrails.R;tests/testthat/test-compute-gfc-geometric-filter.R;tests/testthat/test-compute-gfc-summary-harmonization.R;tests/testthat/test-gfc-flow-closest-selection.R;tests/testthat/test-local-pca-charts.R;tests/testthat/test-phase2-smoothing-boundary.R;tests/testthat/test-rtcb-basins.R","man/basin.Rd","vaginal_community_trajectory_types-coordination:docs/community_typing_parallel_development_plan.md:225;vaginal_community_trajectory_types-coordination:docs/phase_handoffs/od5a_basin_extractors_implementer_handoff_2026-07-06.md:18;vaginal_community_trajectory_types-coordination:R/od_basin_extractors.R:362;vaginal_community_trajectory_types-w1-audit:docs/community_typing_parallel_development_plan.md:225;vaginal_community_trajectory_types-w1-audit:docs/phase_handoffs/od5a_basin_extractors_implementer_handoff_2026-07-06.md:18;vaginal_community_trajectory_types-w1-audit:R/od_basin_extractors.R:362;vaginal_community_trajectory_types-w1:docs/community_typing_parallel_development_plan.md:225;vaginal_community_trajectory_types-w1:docs/phase_handoffs/od5a_basin_extractors_implementer_handoff_2026-07-06.md:18;vaginal_community_trajectory_types-w1:R/od_basin_extractors.R:362;vaginal_community_trajectory_types-w2:docs/community_typing_parallel_development_plan.md:225;vaginal_community_trajectory_types-w2:docs/phase_handoffs/od5a_basin_extractors_implementer_handoff_2026-07-06.md:18;vaginal_community_trajectory_types-w2:R/od_basin_extractors.R:698;vaginal_community_trajectory_types-w3-audit:docs/community_typing_parallel_development_plan.md:225;vaginal_community_trajectory_types-w3-audit:docs/phase_handoffs/od5a_basin_extractors_implementer_handoff_2026-07-06.md:18;vaginal_community_trajectory_types-w3-audit:R/od_basin_extractors.R:698;vaginal_community_trajectory_types-w3:docs/community_typing_parallel_development_plan.md:225;vaginal_community_trajectory_types-w3:docs/phase_handoffs/od5a_basin_extractors_implementer_handoff_2026-07-06.md:18;vaginal_community_trajectory_types-w3:R/od_basin_extractors.R:698;vaginal_community_trajectory_types:docs/community_typing_parallel_development_plan.md:225;vaginal_community_trajectory_types:docs/phase_handoffs/od5a_basin_extractors_implementer_handoff_2026-07-06.md:18","PROTECT","outside-cleanup-scope","yes"
"export:basins","export","basins","","","R/compute_basins_of_attraction.R","PROTECTED","gflow","public-export","none","none","tests/testthat/test-basin-complex-phase-b.R;tests/testthat/test-basin-complex-phase-c.R;tests/testthat/test-basin-complex-phase-e.R;tests/testthat/test-basin-complex-phase-f.R;tests/testthat/test-basin-complex-phase-g.R;tests/testthat/test-basin-complex-phase-h.R;tests/testthat/test-basin-summary-cpp.R;tests/testthat/test-compute-gfc-geometric-filter.R;tests/testthat/test-compute-gfc-summary-harmonization.R;tests/testthat/test-rtcb-basins.R","man/basins.Rd","none","PROTECT","outside-cleanup-scope","yes"
"export:bbmwd.over.hHN.graphs","export","bbmwd.over.hHN.graphs","","","R/hHN_graphs.R","EXAMPLE","tests-or-external-examples","public-export","none","none","none","man/bbmwd.over.hHN.graphs.Rd","none","DEEXPORT-THEN-MOVE","phase-5","no"
"export:build.se.tree","export","build.se.tree","","","R/se_tree.R","CORE-ANALYSIS","gflow","public-export","none","none","none","man/build.se.tree.Rd","none","KEEP-PENDING-S3-REVIEW","phase-6","no"
"export:build.sparse.transition","export","build.sparse.transition","","","R/diffusion_pseudotime_sparse.R","DGRAPHS","dgraphs","public-export","none","none","tests/testthat/test-diffusion-pseudotime-sparse.R","man/build.sparse.transition.Rd","none","REVIEW-DEEXPORT-OR-ADAPTER","phase-5-or-6","no"
"export:cell.y.values","export","cell.y.values","","","R/compute_partition_cell_stats.R","PROTECTED","gflow","public-export","none","none","none","man/cell.y.values.Rd","none","PROTECT","outside-cleanup-scope","yes"
"export:classify.spurious.extrema","export","classify.spurious.extrema","","","R/gflow_cx.R","PROTECTED","gflow","public-export","create.hop.nbhd.extrema.df2","create.hop.nbhd.extrema.df2","none","man/classify.spurious.extrema.Rd","none","PROTECT","outside-cleanup-scope","yes"
"export:cluster.comono.graph","export","cluster.comono.graph","","","R/cluster_comono_graph.R","CORE-ANALYSIS","gflow","public-export","consensus.clustering;scan.resolution","consensus.clustering;scan.resolution","none","man/cluster.comono.graph.Rd","none","KEEP-PENDING-S3-REVIEW","phase-6","no"
"export:cluster.graph.louvain","export","cluster.graph.louvain","","","R/clustering.R","CORE-PRIVATE","gflow-internal-or-specialist-package","public-export","none","none","none","man/cluster.graph.louvain.Rd","CT_clearance:scripts/70_compare_ct_phylotype_graph_dcst_congruence.R:164;CT_clearance:scripts/70_compare_ct_phylotype_graph_dcst_congruence.R:165","REVIEW-AND-DEEXPORT","phase-5-or-6","no"
"export:cluster.local.extrema","export","cluster.local.extrema","","","R/cluster_local_extrema.R","PROTECTED","gflow","public-export","none","none","none","man/cluster.local.extrema.Rd","none","PROTECT","outside-cleanup-scope","yes"
"export:clusters.reorder","export","clusters.reorder","","","R/clustering.R","CORE-PRIVATE","gflow-internal-or-specialist-package","public-export","show.tx","show.tx","none","man/clusters.reorder.Rd","none","REVIEW-AND-DEEXPORT","phase-5-or-6","no"
"export:compare.harmonic.methods","export","compare.harmonic.methods","","","R/gflow_cx_utils.R","CORE-ANALYSIS","gflow","public-export","analyze.harmonic.extensions","analyze.harmonic.extensions","none","man/compare.harmonic.methods.Rd","none","KEEP-PENDING-S3-REVIEW","phase-6","no"
"export:compare.retained.extrema","export","compare.retained.extrema","","","R/gflow_cx.R","PROTECTED","gflow","public-export","none","none","none","man/compare.retained.extrema.Rd","none","PROTECT","outside-cleanup-scope","yes"
"export:compute.basins.of.attraction","export","compute.basins.of.attraction","","","R/compute_basins_of_attraction.R","PROTECTED","gflow","public-export","none","none","tests/testthat/test-basin-complex-phase-b.R;tests/testthat/test-basin-complex-phase-c.R;tests/testthat/test-basin-complex-phase-e.R;tests/testthat/test-basin-complex-phase-g.R;tests/testthat/test-basin-complex-phase-h.R;tests/testthat/test-basin-summary-cpp.R;tests/testthat/test-rtcb-basins.R","man/compute.basins.of.attraction.Rd","vaginal_community_trajectory_types-coordination:docs/community_typing_parallel_development_plan.md:221;vaginal_community_trajectory_types-coordination:docs/community_typing_parallel_development_plan.md:519;vaginal_community_trajectory_types-coordination:docs/eod_program_asset_registry/candidate_manifests/F2_W2_journal.md:52;vaginal_community_trajectory_types-coordination:docs/phase_handoffs/od5a_basin_extractors_implementer_handoff_2026-07-06.md:17;vaginal_community_trajectory_types-coordination:docs/prompts/eod_w2_basin_structure_agent_prompt_2026-07-20.md:205;vaginal_community_trajectory_types-coordination:R/od_basin_extractors.R:351;vaginal_community_trajectory_types-w1-audit:docs/community_typing_parallel_development_plan.md:221;vaginal_community_trajectory_types-w1-audit:docs/community_typing_parallel_development_plan.md:519;vaginal_community_trajectory_types-w1-audit:docs/eod_program_asset_registry/candidate_manifests/F2_W2_journal.md:52;vaginal_community_trajectory_types-w1-audit:docs/phase_handoffs/od5a_basin_extractors_implementer_handoff_2026-07-06.md:17;vaginal_community_trajectory_types-w1-audit:docs/prompts/eod_w2_basin_structure_agent_prompt_2026-07-20.md:205;vaginal_community_trajectory_types-w1-audit:R/od_basin_extractors.R:351;vaginal_community_trajectory_types-w1:docs/community_typing_parallel_development_plan.md:221;vaginal_community_trajectory_types-w1:docs/community_typing_parallel_development_plan.md:519;vaginal_community_trajectory_types-w1:docs/eod_program_asset_registry/candidate_manifests/F2_W2_journal.md:52;vaginal_community_trajectory_types-w1:docs/phase_handoffs/od5a_basin_extractors_implementer_handoff_2026-07-06.md:17;vaginal_community_trajectory_types-w1:docs/prompts/eod_w2_basin_structure_agent_prompt_2026-07-20.md:205;vaginal_community_trajectory_types-w1:R/od_basin_extractors.R:351;vaginal_community_trajectory_types-w2:docs/community_typing_parallel_development_plan.md:221;vaginal_community_trajectory_types-w2:docs/community_typing_parallel_development_plan.md:519;vaginal_community_trajectory_types-w2:docs/eod_program_asset_registry/candidate_manifests/F2_W2_journal.md:52;vaginal_community_trajectory_types-w2:docs/phase_handoffs/od5a_basin_extractors_implementer_handoff_2026-07-06.md:17;vaginal_community_trajectory_types-w2:docs/prompts/eod_w2_basin_structure_agent_prompt_2026-07-20.md:205;vaginal_community_trajectory_types-w2:R/od_basin_extractors.R:689;vaginal_community_trajectory_types-w3-audit:docs/community_typing_parallel_development_plan.md:221;vaginal_community_trajectory_types-w3-audit:docs/community_typing_parallel_development_plan.md:519;vaginal_community_trajectory_types-w3-audit:docs/eod_program_asset_registry/candidate_manifests/F2_W2_journal.md:52;vaginal_community_trajectory_types-w3-audit:docs/phase_handoffs/od5a_basin_extractors_implementer_handoff_2026-07-06.md:17;vaginal_community_trajectory_types-w3-audit:docs/prompts/eod_w2_basin_structure_agent_prompt_2026-07-20.md:205;vaginal_community_trajectory_types-w3-audit:R/od_basin_extractors.R:689;vaginal_community_trajectory_types-w3:docs/community_typing_parallel_development_plan.md:221;vaginal_community_trajectory_types-w3:docs/community_typing_parallel_development_plan.md:519;vaginal_community_trajectory_types-w3:docs/eod_program_asset_registry/candidate_manifests/F2_W2_journal.md:52;vaginal_community_trajectory_types-w3:docs/phase_handoffs/od5a_basin_extractors_implementer_handoff_2026-07-06.md:17;vaginal_community_trajectory_types-w3:docs/prompts/eod_w2_basin_structure_agent_prompt_2026-07-20.md:205;vaginal_community_trajectory_types-w3:R/od_basin_extractors.R:689;vaginal_community_trajectory_types:docs/community_typing_parallel_development_plan.md:221;vaginal_community_trajectory_types:docs/community_typing_parallel_development_plan.md:519;vaginal_community_trajectory_types:docs/eod_program_asset_registry/candidate_manifests/F2_W2_journal.md:52;vaginal_community_trajectory_types:docs/phase_handoffs/od5a_basin_extractors_implementer_handoff_2026-07-06.md:17;vaginal_community_trajectory_types:docs/prompts/eod_w2_basin_structure_agent_prompt_2026-07-20.md:205","PROTECT","outside-cleanup-scope","yes"
"export:compute.cluster.summary","export","compute.cluster.summary","","","R/extremality_utils.R","CORE-ANALYSIS","gflow","public-export","compare.representative.methods","compare.representative.methods","none","man/compute.cluster.summary.Rd","none","KEEP-PENDING-S3-REVIEW","phase-6","no"
"export:compute.dbscan.cluster.summary","export","compute.dbscan.cluster.summary","","","R/extremality_utils.R","CORE-ANALYSIS","gflow","public-export","none","none","none","man/compute.dbscan.cluster.summary.Rd","none","KEEP-PENDING-S3-REVIEW","phase-6","no"
"export:compute.diffusion.pseudotime.sparse","export","compute.diffusion.pseudotime.sparse","","","R/diffusion_pseudotime_sparse.R","DGRAPHS","dgraphs","public-export","none","none","tests/testthat/test-diffusion-pseudotime-sparse.R","man/compute.diffusion.pseudotime.sparse.Rd","cell_cycle:docs/pseudotime_hvg_3k5k8k_k_sweep_report.md:48;ZB:analysis/asv/057-bgd_m1_enrolment_disk_prevalence_test.R:461;ZB:analysis/asv/060-bgd_all_extrema_enrolment_disk_prevalence_test.R:468;ZB:analysis/asv/061-bgd_all_extrema_disk_leakage_test.R:275","REVIEW-DEEXPORT-OR-ADAPTER","phase-5-or-6","no"
"export:compute.extrema.hop.nbhds","export","compute.extrema.hop.nbhds","","","R/extrema_utils.R","PROTECTED","gflow","public-export","compute.pextrema.nbhds","compute.pextrema.nbhds","none","man/compute.extrema.hop.nbhds.Rd","none","PROTECT","outside-cleanup-scope","yes"
"export:compute.gfc","export","compute.gfc","","","R/compute_gfc.R","PROTECTED","gflow","public-export","none","none","tests/testthat/test-basin-complex-phase-c.R;tests/testthat/test-basin-complex-phase-f.R;tests/testthat/test-basin-complex-phase-g.R;tests/testthat/test-basin-complex-phase-h.R;tests/testthat/test-compute-gfc-geometric-filter.R;tests/testthat/test-compute-gfc-summary-harmonization.R;tests/testthat/test-gfc-flow-closest-selection.R;tests/testthat/test-rtcb-basins.R","man/compute.gfc.Rd","AGP:R/17_evenness_endpoints_k7.R:883;AGP:R/17_evenness_endpoints_k7.R:894;gflowui:dev/manual_endpoint_list_construction.md:10;gflowui:endpoint_manual_editing_design.md:7;symptoms:R/20_evenness_endpoints_all_asv_k05.R:483;symptoms:R/20_evenness_endpoints_all_asv_k05.R:489;vaginal_community_trajectory_types-coordination:docs/community_typing_parallel_development_plan.md:220;vaginal_community_trajectory_types-coordination:docs/community_typing_parallel_development_plan.md:223;vaginal_community_trajectory_types-coordination:docs/community_typing_parallel_development_plan.md:518;vaginal_community_trajectory_types-coordination:docs/prompts/eod_w2_basin_structure_agent_prompt_2026-07-20.md:214;vaginal_community_trajectory_types-w1-audit:docs/community_typing_parallel_development_plan.md:220;vaginal_community_trajectory_types-w1-audit:docs/community_typing_parallel_development_plan.md:223;vaginal_community_trajectory_types-w1-audit:docs/community_typing_parallel_development_plan.md:518;vaginal_community_trajectory_types-w1-audit:docs/prompts/eod_w2_basin_structure_agent_prompt_2026-07-20.md:214;vaginal_community_trajectory_types-w1:docs/community_typing_parallel_development_plan.md:220;vaginal_community_trajectory_types-w1:docs/community_typing_parallel_development_plan.md:223;vaginal_community_trajectory_types-w1:docs/community_typing_parallel_development_plan.md:518;vaginal_community_trajectory_types-w1:docs/prompts/eod_w2_basin_structure_agent_prompt_2026-07-20.md:214;vaginal_community_trajectory_types-w2:docs/community_typing_parallel_development_plan.md:220;vaginal_community_trajectory_types-w2:docs/community_typing_parallel_development_plan.md:223;vaginal_community_trajectory_types-w2:docs/community_typing_parallel_development_plan.md:518;vaginal_community_trajectory_types-w2:docs/prompts/eod_w2_basin_structure_agent_prompt_2026-07-20.md:214;vaginal_community_trajectory_types-w3-audit:docs/community_typing_parallel_development_plan.md:220;vaginal_community_trajectory_types-w3-audit:docs/community_typing_parallel_development_plan.md:223;vaginal_community_trajectory_types-w3-audit:docs/community_typing_parallel_development_plan.md:518;vaginal_community_trajectory_types-w3-audit:docs/prompts/eod_w2_basin_structure_agent_prompt_2026-07-20.md:214;vaginal_community_trajectory_types-w3:docs/community_typing_parallel_development_plan.md:220;vaginal_community_trajectory_types-w3:docs/community_typing_parallel_development_plan.md:223;vaginal_community_trajectory_types-w3:docs/community_typing_parallel_development_plan.md:518;vaginal_community_trajectory_types-w3:docs/prompts/eod_w2_basin_structure_agent_prompt_2026-07-20.md:214;vaginal_community_trajectory_types:docs/community_typing_parallel_development_plan.md:220;vaginal_community_trajectory_types:docs/community_typing_parallel_development_plan.md:223;vaginal_community_trajectory_types:docs/community_typing_parallel_development_plan.md:518;vaginal_community_trajectory_types:docs/prompts/eod_w2_basin_structure_agent_prompt_2026-07-20.md:214;ZB:analysis/asv/057-bgd_m1_enrolment_disk_prevalence_test.R:1116;ZB:analysis/asv/058-bgd_m1_geodesic_vs_potential_disk_viz.R:403;ZB:analysis/asv/060-bgd_all_extrema_enrolment_disk_prevalence_test.R:1188;ZB:analysis/asv/061-bgd_all_extrema_disk_leakage_test.R:619;ZB:analysis/asv/063-bgd_m1_multimodal_disk_assoc.R:3820","PROTECT","outside-cleanup-scope","yes"
"export:compute.gfc.basins","export","compute.gfc.basins","","","R/compute_gfc_basins.R","PROTECTED","gflow","public-export","none","none","tests/testthat/test-basin-complex-phase-h.R","man/compute.gfc.basins.Rd","none","PROTECT","outside-cleanup-scope","yes"
"export:compute.gfc.flow","export","compute.gfc.flow","","","R/gfc_flow.R","PROTECTED","gflow","public-export","none","none","tests/testthat/test-basin-complex-phase-h.R;tests/testthat/test-gfc-flow-closest-selection.R","man/compute.gfc.trajectory.Rd","none","PROTECT","outside-cleanup-scope","yes"
"export:compute.gfc.trajectory","export","compute.gfc.trajectory","","","R/gfc_flow.R","PROTECTED","gflow","public-export","none","none","tests/testthat/test-basin-complex-phase-c.R;tests/testthat/test-basin-complex-phase-g.R;tests/testthat/test-basin-complex-phase-h.R;tests/testthat/test-gfc-flow-closest-selection.R","man/compute.gfc.trajectory.Rd","vaginal_community_trajectory_types-coordination:analysis/120_path_graph_superlevel_basin_teaching_example.R:203;vaginal_community_trajectory_types-coordination:analysis/120_path_graph_superlevel_basin_teaching_example.R:325;vaginal_community_trajectory_types-coordination:analysis/122_eod_flat1d_binary_major_basin_calibration.R:369;vaginal_community_trajectory_types-coordination:docs/eod_estimation_basin_recovery_regularization_program_plan.md:129;vaginal_community_trajectory_types-coordination:docs/eod_flat1d_binary_major_basin_all_methods_amendment_2026-07-13.md:273;vaginal_community_trajectory_types-coordination:docs/eod_flat1d_binary_major_basin_calibration_plan_2026-07-13.md:587;vaginal_community_trajectory_types-coordination:docs/eod_program_asset_registry/candidate_manifests/F2_W2_journal.md:52;vaginal_community_trajectory_types-coordination:docs/phase_handoffs/eod_flat1d_binary_all_methods_canary_implementer_handoff_2026-07-13.md:114;vaginal_community_trajectory_types-coordination:docs/prompts/eod_w2_basin_structure_agent_prompt_2026-07-20.md:213;vaginal_community_trajectory_types-coordination:docs/prompts/eod_w2_basin_structure_agent_prompt_2026-07-20.md:274;vaginal_community_trajectory_types-coordination:docs/prompts/eod_w2_basin_structure_agent_prompt_2026-07-20.md:313;vaginal_community_trajectory_types-coordination:docs/prompts/eod_w2_basin_structure_agent_prompt_2026-07-20.md:397;vaginal_community_trajectory_types-coordination:R/od_plateau_basin_extraction.R:73;vaginal_community_trajectory_types-w1-audit:analysis/120_path_graph_superlevel_basin_teaching_example.R:203;vaginal_community_trajectory_types-w1-audit:analysis/120_path_graph_superlevel_basin_teaching_example.R:325;vaginal_community_trajectory_types-w1-audit:analysis/122_eod_flat1d_binary_major_basin_calibration.R:369;vaginal_community_trajectory_types-w1-audit:docs/eod_estimation_basin_recovery_regularization_program_plan.md:129;vaginal_community_trajectory_types-w1-audit:docs/eod_flat1d_binary_major_basin_all_methods_amendment_2026-07-13.md:273;vaginal_community_trajectory_types-w1-audit:docs/eod_flat1d_binary_major_basin_calibration_plan_2026-07-13.md:587;vaginal_community_trajectory_types-w1-audit:docs/eod_program_asset_registry/candidate_manifests/F2_W2_journal.md:52;vaginal_community_trajectory_types-w1-audit:docs/phase_handoffs/eod_flat1d_binary_all_methods_canary_implementer_handoff_2026-07-13.md:114;vaginal_community_trajectory_types-w1-audit:docs/prompts/eod_w2_basin_structure_agent_prompt_2026-07-20.md:213;vaginal_community_trajectory_types-w1-audit:docs/prompts/eod_w2_basin_structure_agent_prompt_2026-07-20.md:274;vaginal_community_trajectory_types-w1-audit:docs/prompts/eod_w2_basin_structure_agent_prompt_2026-07-20.md:313;vaginal_community_trajectory_types-w1-audit:docs/prompts/eod_w2_basin_structure_agent_prompt_2026-07-20.md:397;vaginal_community_trajectory_types-w1-audit:R/od_plateau_basin_extraction.R:73;vaginal_community_trajectory_types-w1:analysis/120_path_graph_superlevel_basin_teaching_example.R:203;vaginal_community_trajectory_types-w1:analysis/120_path_graph_superlevel_basin_teaching_example.R:325;vaginal_community_trajectory_types-w1:analysis/122_eod_flat1d_binary_major_basin_calibration.R:369;vaginal_community_trajectory_types-w1:docs/eod_estimation_basin_recovery_regularization_program_plan.md:147;vaginal_community_trajectory_types-w1:docs/eod_flat1d_binary_major_basin_all_methods_amendment_2026-07-13.md:273;vaginal_community_trajectory_types-w1:docs/eod_flat1d_binary_major_basin_calibration_plan_2026-07-13.md:587;vaginal_community_trajectory_types-w1:docs/eod_program_asset_registry/candidate_manifests/F2_W2_journal.md:52;vaginal_community_trajectory_types-w1:docs/phase_handoffs/eod_flat1d_binary_all_methods_canary_implementer_handoff_2026-07-13.md:114;vaginal_community_trajectory_types-w1:docs/prompts/eod_w2_basin_structure_agent_prompt_2026-07-20.md:213;vaginal_community_trajectory_types-w1:docs/prompts/eod_w2_basin_structure_agent_prompt_2026-07-20.md:274;vaginal_community_trajectory_types-w1:docs/prompts/eod_w2_basin_structure_agent_prompt_2026-07-20.md:313;vaginal_community_trajectory_types-w1:docs/prompts/eod_w2_basin_structure_agent_prompt_2026-07-20.md:397;vaginal_community_trajectory_types-w1:R/od_plateau_basin_extraction.R:73;vaginal_community_trajectory_types-w2:analysis/120_path_graph_superlevel_basin_teaching_example.R:203;vaginal_community_trajectory_types-w2:analysis/120_path_graph_superlevel_basin_teaching_example.R:325;vaginal_community_trajectory_types-w2:analysis/122_eod_flat1d_binary_major_basin_calibration.R:369;vaginal_community_trajectory_types-w2:analysis/148_eod_w2a_basin_extractor_contract.R:348;vaginal_community_trajectory_types-w2:docs/eod_estimation_basin_recovery_regularization_program_plan.md:129;vaginal_community_trajectory_types-w2:docs/eod_flat1d_binary_major_basin_all_methods_amendment_2026-07-13.md:273;vaginal_community_trajectory_types-w2:docs/eod_flat1d_binary_major_basin_calibration_plan_2026-07-13.md:587;vaginal_community_trajectory_types-w2:docs/eod_program_asset_registry/candidate_manifests/F2_W2_journal.md:52;vaginal_community_trajectory_types-w2:docs/eod_w2a_basin_extractor_contract.md:117;vaginal_community_trajectory_types-w2:docs/phase_handoffs/eod_flat1d_binary_all_methods_canary_implementer_handoff_2026-07-13.md:114;vaginal_community_trajectory_types-w2:docs/phase_handoffs/eod_w2a_basin_extractor_contract_implementer_handoff_2026-07-20.md:47;vaginal_community_trajectory_types-w2:docs/phase_handoffs/eod_w2a_basin_extractor_contract_implementer_handoff_2026-07-20.md:91;vaginal_community_trajectory_types-w2:docs/prompts/eod_w2_basin_structure_agent_prompt_2026-07-20.md:213;vaginal_community_trajectory_types-w2:docs/prompts/eod_w2_basin_structure_agent_prompt_2026-07-20.md:274;vaginal_community_trajectory_types-w2:docs/prompts/eod_w2_basin_structure_agent_prompt_2026-07-20.md:313;vaginal_community_trajectory_types-w2:docs/prompts/eod_w2_basin_structure_agent_prompt_2026-07-20.md:397;vaginal_community_trajectory_types-w2:R/od_basin_extractors.R:591;vaginal_community_trajectory_types-w2:R/od_plateau_basin_extraction.R:72;vaginal_community_trajectory_types-w3-audit:analysis/120_path_graph_superlevel_basin_teaching_example.R:203;vaginal_community_trajectory_types-w3-audit:analysis/120_path_graph_superlevel_basin_teaching_example.R:325;vaginal_community_trajectory_types-w3-audit:analysis/122_eod_flat1d_binary_major_basin_calibration.R:369;vaginal_community_trajectory_types-w3-audit:analysis/148_eod_w2a_basin_extractor_contract.R:348;vaginal_community_trajectory_types-w3-audit:docs/eod_estimation_basin_recovery_regularization_program_plan.md:129;vaginal_community_trajectory_types-w3-audit:docs/eod_flat1d_binary_major_basin_all_methods_amendment_2026-07-13.md:273;vaginal_community_trajectory_types-w3-audit:docs/eod_flat1d_binary_major_basin_calibration_plan_2026-07-13.md:587;vaginal_community_trajectory_types-w3-audit:docs/eod_program_asset_registry/candidate_manifests/F2_W2_journal.md:52;vaginal_community_trajectory_types-w3-audit:docs/eod_w2a_basin_extractor_contract.md:117;vaginal_community_trajectory_types-w3-audit:docs/phase_handoffs/eod_flat1d_binary_all_methods_canary_implementer_handoff_2026-07-13.md:114;vaginal_community_trajectory_types-w3-audit:docs/phase_handoffs/eod_w2a_basin_extractor_contract_implementer_handoff_2026-07-20.md:47;vaginal_community_trajectory_types-w3-audit:docs/phase_handoffs/eod_w2a_basin_extractor_contract_implementer_handoff_2026-07-20.md:91;vaginal_community_trajectory_types-w3-audit:docs/prompts/eod_w2_basin_structure_agent_prompt_2026-07-20.md:213;vaginal_community_trajectory_types-w3-audit:docs/prompts/eod_w2_basin_structure_agent_prompt_2026-07-20.md:274;vaginal_community_trajectory_types-w3-audit:docs/prompts/eod_w2_basin_structure_agent_prompt_2026-07-20.md:313;vaginal_community_trajectory_types-w3-audit:docs/prompts/eod_w2_basin_structure_agent_prompt_2026-07-20.md:397;vaginal_community_trajectory_types-w3-audit:R/od_basin_extractors.R:591;vaginal_community_trajectory_types-w3-audit:R/od_plateau_basin_extraction.R:72;vaginal_community_trajectory_types-w3:analysis/120_path_graph_superlevel_basin_teaching_example.R:203;vaginal_community_trajectory_types-w3:analysis/120_path_graph_superlevel_basin_teaching_example.R:325;vaginal_community_trajectory_types-w3:analysis/122_eod_flat1d_binary_major_basin_calibration.R:369;vaginal_community_trajectory_types-w3:analysis/148_eod_w2a_basin_extractor_contract.R:348;vaginal_community_trajectory_types-w3:docs/eod_estimation_basin_recovery_regularization_program_plan.md:129;vaginal_community_trajectory_types-w3:docs/eod_flat1d_binary_major_basin_all_methods_amendment_2026-07-13.md:273;vaginal_community_trajectory_types-w3:docs/eod_flat1d_binary_major_basin_calibration_plan_2026-07-13.md:587;vaginal_community_trajectory_types-w3:docs/eod_program_asset_registry/candidate_manifests/F2_W2_journal.md:52;vaginal_community_trajectory_types-w3:docs/eod_w2a_basin_extractor_contract.md:117;vaginal_community_trajectory_types-w3:docs/phase_handoffs/eod_flat1d_binary_all_methods_canary_implementer_handoff_2026-07-13.md:114;vaginal_community_trajectory_types-w3:docs/phase_handoffs/eod_w2a_basin_extractor_contract_implementer_handoff_2026-07-20.md:47;vaginal_community_trajectory_types-w3:docs/phase_handoffs/eod_w2a_basin_extractor_contract_implementer_handoff_2026-07-20.md:91;vaginal_community_trajectory_types-w3:docs/prompts/eod_w2_basin_structure_agent_prompt_2026-07-20.md:213;vaginal_community_trajectory_types-w3:docs/prompts/eod_w2_basin_structure_agent_prompt_2026-07-20.md:274;vaginal_community_trajectory_types-w3:docs/prompts/eod_w2_basin_structure_agent_prompt_2026-07-20.md:313;vaginal_community_trajectory_types-w3:docs/prompts/eod_w2_basin_structure_agent_prompt_2026-07-20.md:397;vaginal_community_trajectory_types-w3:R/od_basin_extractors.R:591;vaginal_community_trajectory_types-w3:R/od_plateau_basin_extraction.R:72;vaginal_community_trajectory_types:docs/eod_estimation_basin_recovery_regularization_program_plan.md:147;vaginal_community_trajectory_types:docs/eod_flat1d_binary_major_basin_all_methods_amendment_2026-07-13.md:273;vaginal_community_trajectory_types:docs/eod_flat1d_binary_major_basin_calibration_plan_2026-07-13.md:587;vaginal_community_trajectory_types:docs/eod_program_asset_registry/candidate_manifests/F2_W2_journal.md:52;vaginal_community_trajectory_types:docs/phase_handoffs/eod_flat1d_binary_all_methods_canary_implementer_handoff_2026-07-13.md:114;vaginal_community_trajectory_types:docs/prompts/eod_w2_basin_structure_agent_prompt_2026-07-20.md:213;vaginal_community_trajectory_types:docs/prompts/eod_w2_basin_structure_agent_prompt_2026-07-20.md:274;vaginal_community_trajectory_types:docs/prompts/eod_w2_basin_structure_agent_prompt_2026-07-20.md:313;vaginal_community_trajectory_types:docs/prompts/eod_w2_basin_structure_agent_prompt_2026-07-20.md:397","PROTECT","outside-cleanup-scope","yes"
"export:compute.gradient.trajectory","export","compute.gradient.trajectory","","","R/2d_smooth_morse_smale.R","PROTECTED","gflow","public-export","check.gradient.consistency;compute.morse.smale.cells;compute.morse.smale.cells1;create.morse.smale.complex;gradient.trajectories.plot","check.gradient.consistency;compute.morse.smale.cells;compute.morse.smale.cells1;create.morse.smale.complex;gradient.trajectories.plot","none","man/compute.gradient.trajectory.Rd","none","PROTECT","outside-cleanup-scope","yes"
"export:compute.graph.gradient.flow","export","compute.graph.gradient.flow","","","R/graph_gradient_flow_basins.R","PROTECTED","gflow","public-export","none","none","none","man/compute.graph.gradient.flow.Rd","none","PROTECT","outside-cleanup-scope","yes"
"export:compute.harmonic.extension","export","compute.harmonic.extension","","","R/harmonic_extension.R","CORE-ANALYSIS","gflow","public-export","none","none","none","man/compute.harmonic.extension.Rd","none","KEEP-PENDING-S3-REVIEW","phase-6","no"
"export:compute.local.distance.fidelity","export","compute.local.distance.fidelity","","","R/graph_utils.R","DGRAPHS","dgraphs","public-export","none","none","none","man/compute.local.distance.fidelity.Rd","none","REVIEW-DEEXPORT-OR-ADAPTER","phase-5-or-6","no"
"export:compute.morse.smale.cells","export","compute.morse.smale.cells","","","R/2d_smooth_morse_smale.R","PROTECTED","gflow","public-export","none","none","none","man/compute.morse.smale.cells.Rd","none","PROTECT","outside-cleanup-scope","yes"
"export:compute.persistence","export","compute.persistence","","","R/local_extrema.R","PROTECTED","gflow","public-export","none","none","none","man/compute.persistence.Rd","none","PROTECT","outside-cleanup-scope","yes"
"export:compute.pextrema.nbhds","export","compute.pextrema.nbhds","","","R/compute_pextrema_nbhds.R","PROTECTED","gflow","public-export","none","none","tests/testthat/test-compute-pextrema-boundary.R","man/compute.pextrema.nbhds.Rd","none","PROTECT","outside-cleanup-scope","yes"
"export:compute.potential.pseudotime.sparse","export","compute.potential.pseudotime.sparse","","","R/diffusion_pseudotime_sparse.R","DGRAPHS","dgraphs","public-export","none","none","tests/testthat/test-diffusion-pseudotime-sparse.R","man/compute.potential.pseudotime.sparse.Rd","cell_cycle:docs/pseudotime_hvg_3k5k8k_k_sweep_report.md:90;ZB:analysis/asv/057-bgd_m1_enrolment_disk_prevalence_test.R:472;ZB:analysis/asv/058-bgd_m1_geodesic_vs_potential_disk_viz.R:252;ZB:analysis/asv/058-bgd_m1_geodesic_vs_potential_disk_viz.R:459;ZB:analysis/asv/059-bgd_long_edge_leakage_superiority.R:220;ZB:analysis/asv/060-bgd_all_extrema_enrolment_disk_prevalence_test.R:479;ZB:analysis/asv/061-bgd_all_extrema_disk_leakage_test.R:286;ZB:analysis/asv/063-bgd_m1_multimodal_disk_assoc.R:339;ZB:analysis/asv/067-sel_vertgex_multimodal_vertex_assoc.R:370;ZB:analysis/workflows/chm_gateway_prep/085-sel_vertex_multimodal_vertex_assoc_l1dev.R:370","REVIEW-DEEXPORT-OR-ADAPTER","phase-5-or-6","no"
"export:compute.tube.lens.corridor","export","compute.tube.lens.corridor","","","R/tube_lens_corridor.R","CORE-ANALYSIS","gflow","public-export","none","none","tests/testthat/test-tube-lens-corridor.R","man/compute.tube.lens.corridor.Rd","none","KEEP-PENDING-S3-REVIEW","phase-6","no"
"export:compute.vertex.density","export","compute.vertex.density","","","R/vertex_density.R","CORE-ANALYSIS","gflow","public-export","compute.gfc.modulation","compute.gfc.modulation","none","man/compute.vertex.density.Rd","none","KEEP-PENDING-S3-REVIEW","phase-6","no"
"export:congruence.with.labels","export","congruence.with.labels","","","R/clustering.R","CORE-PRIVATE","gflow-internal-or-specialist-package","public-export","none","none","tests/testthat/test-congruence-with-labels.R","man/congruence.with.labels.Rd","CT_clearance:scripts/70_compare_ct_phylotype_graph_dcst_congruence.R:176;CT_clearance:scripts/70_compare_ct_phylotype_graph_dcst_congruence.R:320;CT_clearance:scripts/70_compare_ct_phylotype_graph_dcst_congruence.R:382","REVIEW-AND-DEEXPORT","phase-5-or-6","no"
"export:construct.gflow.graph","export","construct.gflow.graph","","","R/gflow_graph.R","CORE-ANALYSIS","gflow","public-export","none","none","none","man/construct.gflow.graph.Rd","vaginal_community_trajectory_types-coordination:docs/community_typing_parallel_development_plan.md:226;vaginal_community_trajectory_types-w1-audit:docs/community_typing_parallel_development_plan.md:226;vaginal_community_trajectory_types-w1:docs/community_typing_parallel_development_plan.md:226;vaginal_community_trajectory_types-w2:docs/community_typing_parallel_development_plan.md:226;vaginal_community_trajectory_types-w3-audit:docs/community_typing_parallel_development_plan.md:226;vaginal_community_trajectory_types-w3:docs/community_typing_parallel_development_plan.md:226;vaginal_community_trajectory_types:docs/community_typing_parallel_development_plan.md:226","KEEP-PENDING-S3-REVIEW","phase-6","no"
"export:construct.graph.gradient.flow","export","construct.graph.gradient.flow","","","R/graph_gradient_flow.R","PROTECTED","gflow","public-export","none","none","none","man/construct.graph.gradient.flow.Rd","none","PROTECT","outside-cleanup-scope","yes"
"export:construct.madag","export","construct.madag","","","R/madag.R","CORE-ANALYSIS","gflow","public-export","none","none","none","man/construct.madag.Rd","none","KEEP-PENDING-S3-REVIEW","phase-6","no"
"export:construct.path.through.waypoints","export","construct.path.through.waypoints","","","R/gfc_flow.R","PROTECTED","gflow","public-export","none","none","none","man/construct.path.through.waypoints.Rd","none","PROTECT","outside-cleanup-scope","yes"
"export:construct.potential.metric.graph","export","construct.potential.metric.graph","","","R/potential_metric_graph.R","DGRAPHS","dgraphs","public-export","construct.potential.metric.graph.from.phate","construct.potential.metric.graph.from.phate","none","man/construct.potential.metric.graph.Rd","none","REVIEW-DEEXPORT-OR-ADAPTER","phase-5-or-6","no"
"export:construct.potential.metric.graph.from.phate","export","construct.potential.metric.graph.from.phate","","","R/potential_metric_graph.R","DGRAPHS","dgraphs","public-export","none","none","none","man/construct.potential.metric.graph.from.phate.Rd","none","REVIEW-DEEXPORT-OR-ADAPTER","phase-5-or-6","no"
"export:count.feature.carriers","export","count.feature.carriers","","","R/gfc_flow.R","PROTECTED","gflow","public-export","none","none","none","man/count.feature.carriers.Rd","none","PROTECT","outside-cleanup-scope","yes"
"export:create.basin.complex","export","create.basin.complex","","","R/basin_complex.R","PROTECTED","gflow","public-export","as.basin.complex.basin_cx;as.basin.complex.basins_of_attraction;as.basin.complex.gfc.flow","as.basin.complex.basin_cx;as.basin.complex.basins_of_attraction;as.basin.complex.gfc.flow","tests/testthat/test-basin-complex-phase-b.R;tests/testthat/test-basin-complex-phase-c.R;tests/testthat/test-basin-complex-phase-d.R;tests/testthat/test-basin-complex-phase-e.R;tests/testthat/test-basin-complex-phase-f.R;tests/testthat/test-basin-complex-phase-g.R;tests/testthat/test-basin-complex-phase-h.R;tests/testthat/test-basin-complex-plateau-flow.R","man/create.basin.complex.Rd","vaginal_community_trajectory_types:analysis/120_path_graph_superlevel_basin_teaching_example.R:211;vaginal_community_trajectory_types:analysis/120_path_graph_superlevel_basin_teaching_example.R:339;vaginal_community_trajectory_types:analysis/122_eod_flat1d_binary_major_basin_calibration.R:368;vaginal_community_trajectory_types:analysis/235_gflow_basin_cleanup_phase_g_migration_smoke.R:45;vaginal_community_trajectory_types:analysis/235_gflow_basin_cleanup_phase_g_migration_smoke.R:59;vaginal_community_trajectory_types:docs/eod_w2_w3_pathwise_basin_implementation_phases_2026-07-25.md:124;vaginal_community_trajectory_types:docs/eod_w2_w3_pathwise_basin_implementation_phases_2026-07-25.md:127;vaginal_community_trajectory_types:docs/eod_w2_w3_phase0_contracts_2026-07-25.md:345;vaginal_community_trajectory_types:docs/eod_w2_w3_phase0_contracts_2026-07-25.md:351;vaginal_community_trajectory_types:docs/eod_w2_w3_phase0_contracts_2026-07-25.md:409;vaginal_community_trajectory_types:docs/phase_handoffs/gflow_basin_methods_cleanup_completion_handoff_2026-07-26.md:39;vaginal_community_trajectory_types:R/od_basin_extractors.R:400;vaginal_community_trajectory_types:R/od_plateau_basin_extraction.R:72","PROTECT","outside-cleanup-scope","yes"
"export:create.basin.cx","export","create.basin.cx","","","R/basin_cx.R","PROTECTED","gflow","public-export","none","none","tests/testthat/test-basin-complex-phase-g.R;tests/testthat/test-basin-complex-phase-h.R","man/create.basin.cx.Rd","vaginal_community_trajectory_types-coordination:docs/community_typing_parallel_development_plan.md:226;vaginal_community_trajectory_types-w1-audit:docs/community_typing_parallel_development_plan.md:226;vaginal_community_trajectory_types-w1:docs/community_typing_parallel_development_plan.md:226;vaginal_community_trajectory_types-w2:docs/community_typing_parallel_development_plan.md:226;vaginal_community_trajectory_types-w3-audit:docs/community_typing_parallel_development_plan.md:226;vaginal_community_trajectory_types-w3:docs/community_typing_parallel_development_plan.md:226;vaginal_community_trajectory_types:docs/community_typing_parallel_development_plan.md:226","PROTECT","outside-cleanup-scope","yes"
"export:create.gflow.cx","export","create.gflow.cx","","","R/gflow_cx.R","PROTECTED","gflow","public-export","none","none","none","man/create.gflow.cx.Rd","none","PROTECT","outside-cleanup-scope","yes"
"export:create.grid","export","create.grid","","","R/2d_smooth_morse_smale.R","PROTECTED","gflow","public-export","none","none","tests/testthat/test-dgraphs-constructor-boundary.R","man/create.grid.Rd","none","PROTECT","outside-cleanup-scope","yes"
"export:create.hop.nbhd.extrema.df2","export","create.hop.nbhd.extrema.df2","","","R/gflow_cx.R","PROTECTED","gflow","public-export","none","none","none","man/create.hop.nbhd.extrema.df2.Rd","none","PROTECT","outside-cleanup-scope","yes"
"export:create.lmin.lmax.contingency.table","export","create.lmin.lmax.contingency.table","","","R/graph_MS_cx.R","PROTECTED","gflow","public-export","morse.smale.complex.lmin.lmax.summary","morse.smale.complex.lmin.lmax.summary","none","man/create.lmin.lmax.contingency.table.Rd","none","PROTECT","outside-cleanup-scope","yes"
"export:create.lmin.lmax.label.indicators","export","create.lmin.lmax.label.indicators","","","R/graph_MS_cx.R","PROTECTED","gflow","public-export","morse.smale.complex.lmin.lmax.summary","morse.smale.complex.lmin.lmax.summary","none","man/create.lmin.lmax.label.indicators.Rd","none","PROTECT","outside-cleanup-scope","yes"
"export:create.lmin.lmax.labels","export","create.lmin.lmax.labels","","","R/graph_MS_cx.R","PROTECTED","gflow","public-export","morse.smale.complex.lmin.lmax.summary","morse.smale.complex.lmin.lmax.summary","none","man/create.lmin.lmax.labels.Rd","none","PROTECT","outside-cleanup-scope","yes"
"export:create.morse.smale.complex","export","create.morse.smale.complex","","","R/2d_smooth_morse_smale.R","PROTECTED","gflow","public-export","none","none","none","man/create.morse.smale.complex.Rd","none","PROTECT","outside-cleanup-scope","yes"
"export:create.pruned.isize.list","export","create.pruned.isize.list","","","R/graph_utils.R","DGRAPHS","dgraphs","public-export","none","none","none","man/create.pruned.isize.list.Rd","none","REVIEW-DEEXPORT-OR-ADAPTER","phase-5-or-6","no"
"export:create.vertex.label.indicators","export","create.vertex.label.indicators","","","R/graph_utils.R","DGRAPHS","dgraphs","public-export","none","none","none","man/create.vertex.label.indicators.Rd","none","REVIEW-DEEXPORT-OR-ADAPTER","phase-5-or-6","no"
"export:create.vertex.labels","export","create.vertex.labels","","","R/graph_utils.R","DGRAPHS","dgraphs","public-export","none","none","none","man/create.vertex.labels.Rd","none","REVIEW-DEEXPORT-OR-ADAPTER","phase-5-or-6","no"
"export:critical.points.plot","export","critical.points.plot","","","R/2d_smooth_morse_smale.R","PROTECTED","gflow","public-export","morse.smale.complex.plot.from.critical","morse.smale.complex.plot.from.critical","none","man/critical.points.plot.Rd","none","PROTECT","outside-cleanup-scope","yes"
"export:detect.graph.endpoints","export","detect.graph.endpoints","","","R/graph_endpoint_geometry.R","DGRAPHS","dgraphs","public-export","none","none","tests/testthat/test-dgraphs-namespace-boundary.R;tests/testthat/test-graph-endpoint-geometry.R","man/detect.graph.endpoints.Rd","AGP:R/20_embedding_geometry_threshold_sweep.R:340","REVIEW-DEEXPORT-OR-ADAPTER","phase-5-or-6","no"
"export:detect.local.extrema","export","detect.local.extrema","","","R/local_extrema.R","PROTECTED","gflow","public-export","detect.graph.endpoints","detect.graph.endpoints","tests/testthat/test-dgraphs-namespace-boundary.R","man/detect.local.extrema.Rd","dgraphs:development/ai/PHASE2_OWNERSHIP_LEDGER.md:76;dgraphs:GRAPH_MIGRATION_ACTION_PLAN.md:70","PROTECT","outside-cleanup-scope","yes"
"export:detect.major.arms","export","detect.major.arms","","","R/major_arms.R","CORE-ANALYSIS","gflow","public-export","none","none","none","man/detect.major.arms.Rd","AGP:R/17_evenness_endpoints_k7.R:1011","KEEP-PENDING-S3-REVIEW","phase-6","no"
"export:distance.quantile.bin.analysis","export","distance.quantile.bin.analysis","","","R/distance_quantile_bin_analysis.R","CORE-ANALYSIS","gflow","public-export","none","none","none","man/distance.quantile.bin.analysis.Rd","none","KEEP-PENDING-S3-REVIEW","phase-6","no"
"export:draw.basin","export","draw.basin","","","R/compute_basins_of_attraction.R","PROTECTED","gflow","public-export","none","none","none","man/draw.basin.Rd","none","PROTECT","outside-cleanup-scope","yes"
"export:E.geodesic.X","export","E.geodesic.X","","","R/geodesics.R","CORE-ANALYSIS","gflow","public-export","none","none","none","man/E.geodesic.X.Rd","none","KEEP-PENDING-S3-REVIEW","phase-6","no"
"export:elapsed.time","export","elapsed.time","","","R/utils.R","PROTECTED","gflow","public-export","box.tiling;create.adaptive.tiled.X.grid.xD;create.X.grid.xD;dx.vs.gRf.mod.gSf;E.geodesic.X;morse.smale.graph.persistence;test.graph.MS.cx.on.synth.cloud.data;total.associations;wasserstein.ipNNuv","box.tiling;create.adaptive.tiled.X.grid.xD;create.X.grid.xD;dx.vs.gRf.mod.gSf;E.geodesic.X;hgrid;morse.smale.graph.persistence;test.graph.MS.cx.on.synth.cloud.data;total.associations;wasserstein.ipNNuv","none","man/elapsed.time.Rd","none","PROTECT","outside-cleanup-scope","yes"
"export:estimate_density","export","estimate_density","","","R/geodesics.R","CORE-ANALYSIS","gflow","public-export","none","none","none","man/estimate_density.Rd","none","KEEP-PENDING-S3-REVIEW","phase-6","no"
"export:evaluate.function.on.grid","export","evaluate.function.on.grid","","","R/2d_smooth_morse_smale.R","PROTECTED","gflow","public-export","morse.smale.complex.plot;morse.smale.complex.plot.from.critical;plot.morse.smale.trajectories.from.point","morse.smale.complex.plot;morse.smale.complex.plot.from.critical;plot.morse.smale.trajectories.from.point","none","man/evaluate.function.on.grid.Rd","none","PROTECT","outside-cleanup-scope","yes"
"export:evaluate.function.on.grid.as.vector","export","evaluate.function.on.grid.as.vector","","","R/2d_smooth_morse_smale.R","PROTECTED","gflow","public-export","none","none","none","man/evaluate.function.on.grid.as.vector.Rd","none","PROTECT","outside-cleanup-scope","yes"
"export:expand.basins.to.cover","export","expand.basins.to.cover","","","R/compute_gfc.R","PROTECTED","gflow","public-export",".refine.expansion",".refine.expansion","none","man/expand.basins.to.cover.Rd","none","PROTECT","outside-cleanup-scope","yes"
"export:extract.cell.trajectory","export","extract.cell.trajectory","","","R/gradient_basin_utilities.R","PROTECTED","gflow","public-export","none","none","none","man/extract.cell.trajectory.Rd","none","PROTECT","outside-cleanup-scope","yes"
"export:extract.cluster.representatives","export","extract.cluster.representatives","","","R/extremality_utils.R","CORE-ANALYSIS","gflow","public-export","none","none","none","man/extract.cluster.representatives.Rd","none","KEEP-PENDING-S3-REVIEW","phase-6","no"
"export:extract.dbscan.cluster.representatives","export","extract.dbscan.cluster.representatives","","","R/extremality_utils.R","CORE-ANALYSIS","gflow","public-export","none","none","none","man/extract.dbscan.cluster.representatives.Rd","none","KEEP-PENDING-S3-REVIEW","phase-6","no"
"export:extract.extrema.subgraphs","export","extract.extrema.subgraphs","","","R/gflow_cx_utils.R","CORE-ANALYSIS","gflow","public-export","analyze.harmonic.extensions","analyze.harmonic.extensions","none","man/extract.extrema.subgraphs.Rd","none","KEEP-PENDING-S3-REVIEW","phase-6","no"
"export:extract.gradient.trajectory","export","extract.gradient.trajectory","","","R/gradient_basin_utilities.R","PROTECTED","gflow","public-export","extract.cell.trajectory;extract.vertices.terminating.at","extract.cell.trajectory;extract.vertices.terminating.at","none","man/extract.gradient.trajectory.Rd","none","PROTECT","outside-cleanup-scope","yes"
"export:extremality.summary","export","extremality.summary","","","R/extremality_utils.R","CORE-ANALYSIS","gflow","public-export","none","none","none","man/extremality.summary.Rd","none","KEEP-PENDING-S3-REVIEW","phase-6","no"
"export:filter.basins","export","filter.basins","","","R/filter_basins.R","PROTECTED","gflow","public-export","none","none","none","man/filter.basins.Rd","none","PROTECT","outside-cleanup-scope","yes"
"export:filter.basins.by.relvalue","export","filter.basins.by.relvalue","","","R/filter_basins_by_relvalue.R","PROTECTED","gflow","public-export","none","none","none","man/filter.basins.by.relvalue.Rd","none","PROTECT","outside-cleanup-scope","yes"
"export:filter.cells.by.criteria","export","filter.cells.by.criteria","","","R/gradient_basin_utilities.R","PROTECTED","gflow","public-export","none","none","none","man/filter.cells.by.criteria.Rd","none","PROTECT","outside-cleanup-scope","yes"
"export:filter.cells.by.vertex.count","export","filter.cells.by.vertex.count","","","R/gradient_basin_utilities.R","PROTECTED","gflow","public-export","none","none","none","man/filter.cells.by.vertex.count.Rd","none","PROTECT","outside-cleanup-scope","yes"
"export:find.critical.points","export","find.critical.points","","","R/2d_smooth_morse_smale.R","PROTECTED","gflow","public-export","compute.morse.smale.cells1;create.morse.smale.complex","compute.morse.smale.cells1;create.morse.smale.complex","none","man/find.critical.points.Rd","none","PROTECT","outside-cleanup-scope","yes"
"export:find.gflow.basins","export","find.gflow.basins","","","R/gflow_basins.R","PROTECTED","gflow","public-export","none","none","none","man/find.gflow.basins.Rd","none","PROTECT","outside-cleanup-scope","yes"
"export:find.local.extrema","export","find.local.extrema","","","R/gflow_basins.R","PROTECTED","gflow","public-export","none","none","none","man/find.local.extrema.Rd","none","PROTECT","outside-cleanup-scope","yes"
"export:find.longest.true.stretch","export","find.longest.true.stretch","","","R/graph_MS_cx.R","PROTECTED","gflow","public-export","morse.smale.graph.persistence","morse.smale.graph.persistence;test.graph.MS.cx.on.synth.cloud.data","none","man/find.longest.true.stretch.Rd","none","PROTECT","outside-cleanup-scope","yes"
"export:find.shortest.paths.within.radius","export","find.shortest.paths.within.radius","","","R/find_shortest_paths_within_radius.R","DGRAPHS","dgraphs","public-export","none","none","none","man/find.shortest.paths.within.radius.Rd","none","REVIEW-DEEXPORT-OR-ADAPTER","phase-5-or-6","no"
"export:fit.rho.randomwalk","export","fit.rho.randomwalk","","","R/fit_rho_randomwalk.R","CORE-ANALYSIS","gflow","public-export","none","none","none","man/fit.rho.randomwalk.Rd","none","KEEP-PENDING-S3-REVIEW","phase-6","no"
"export:fit.trajectory.smooth.splines","export","fit.trajectory.smooth.splines","","","R/gfc_flow.R","PROTECTED","gflow","public-export","none","none","none","man/fit.trajectory.smooth.splines.Rd","none","PROTECT","outside-cleanup-scope","yes"
"export:frechet.distance.discrete.cost","export","frechet.distance.discrete.cost","","","R/trajectory_distances.R","DGRAPHS","dgraphs","public-export","traj.frechet.distance.graph;trajectory.dist","traj.frechet.distance.graph;trajectory.dist","none","man/frechet.distance.discrete.cost.Rd","none","REVIEW-DEEXPORT-OR-ADAPTER","phase-5-or-6","no"
"export:function.contours.plot","export","function.contours.plot","","","R/2d_smooth_morse_smale.R","PROTECTED","gflow","public-export","morse.analysis.plot;morse.smale.complex.plot;morse.smale.complex.plot.from.critical;plot.morse.smale.trajectories.from.point","morse.analysis.plot;morse.smale.complex.plot;morse.smale.complex.plot.from.critical;plot.morse.smale.trajectories.from.point","none","man/function.contours.plot.Rd","none","PROTECT","outside-cleanup-scope","yes"
"export:gdensity","export","gdensity","","","R/density.R","CORE-PRIVATE","gflow-internal-or-specialist-package","public-export","none","none","none","man/gdensity.Rd","none","REVIEW-AND-DEEXPORT","phase-5-or-6","no"
"export:generate.graph.gaussian.mixture","export","generate.graph.gaussian.mixture","","","R/graph_utils.R","DGRAPHS","dgraphs","public-export","none","none","none","man/generate.graph.gaussian.mixture.Rd","none","REVIEW-DEEXPORT-OR-ADAPTER","phase-5-or-6","no"
"export:generate.refinement.report","export","generate.refinement.report","","","R/compute_gfc.R","PROTECTED","gflow","public-export","none","none","none","man/generate.refinement.report.Rd","vaginal_community_trajectory_types-coordination:docs/community_typing_parallel_development_plan.md:228;vaginal_community_trajectory_types-w1-audit:docs/community_typing_parallel_development_plan.md:228;vaginal_community_trajectory_types-w1:docs/community_typing_parallel_development_plan.md:228;vaginal_community_trajectory_types-w2:docs/community_typing_parallel_development_plan.md:228;vaginal_community_trajectory_types-w3-audit:docs/community_typing_parallel_development_plan.md:228;vaginal_community_trajectory_types-w3:docs/community_typing_parallel_development_plan.md:228;vaginal_community_trajectory_types:docs/community_typing_parallel_development_plan.md:228","PROTECT","outside-cleanup-scope","yes"
"export:generate.star.dataset","export","generate.star.dataset","","","R/graph_generators.R","EXAMPLE","tests-or-external-examples","public-export","none","none","none","man/generate.star.dataset.Rd","none","DEEXPORT-THEN-MOVE","phase-5","no"
"export:get.basin","export","get.basin","","","R/gfc_flow.R","PROTECTED","gflow","public-export","basin.feature.carriers;basin.vertices;get.harmonic.repair.vertices","basin.feature.carriers;basin.vertices;get.harmonic.repair.vertices","tests/testthat/test-basin-complex-phase-b.R;tests/testthat/test-basin-complex-plateau-flow.R","man/get.basin.Rd","none","PROTECT","outside-cleanup-scope","yes"
"export:get.basin.assignment","export","get.basin.assignment","","","R/basin_complex.R","PROTECTED","gflow","public-export","none","none","tests/testthat/test-basin-complex-phase-b.R","man/get.basin.assignment.Rd","none","PROTECT","outside-cleanup-scope","yes"
"export:get.basin.cells","export","get.basin.cells","","","R/basin_complex.R","PROTECTED","gflow","public-export","none","none","tests/testthat/test-basin-complex-phase-b.R","man/get.basin.cells.Rd","none","PROTECT","outside-cleanup-scope","yes"
"export:get.basin.membership","export","get.basin.membership","","","R/basin_complex.R","PROTECTED","gflow","public-export","none","none","tests/testthat/test-basin-complex-phase-b.R","man/get.basin.membership.Rd","none","PROTECT","outside-cleanup-scope","yes"
"export:get.basin.merge.tree","export","get.basin.merge.tree","","","R/basin_complex.R","PROTECTED","gflow","public-export","none","none","tests/testthat/test-basin-complex-phase-b.R","man/get.basin.merge.tree.Rd","vaginal_community_trajectory_types:docs/eod_w2_w3_phase0_contracts_2026-07-25.md:427","PROTECT","outside-cleanup-scope","yes"
"export:get.basin.table","export","get.basin.table","","","R/basin_complex.R","PROTECTED","gflow","public-export","none","none","tests/testthat/test-basin-complex-phase-b.R","man/get.basin.table.Rd","none","PROTECT","outside-cleanup-scope","yes"
"export:get.basin.trajectory.forest","export","get.basin.trajectory.forest","","","R/basin_complex.R","PROTECTED","gflow","public-export","none","none","tests/testthat/test-basin-complex-phase-b.R;tests/testthat/test-basin-complex-plateau-flow.R","man/get.basin.trajectory.forest.Rd","vaginal_community_trajectory_types:docs/eod_w2_w3_phase0_contracts_2026-07-25.md:397","PROTECT","outside-cleanup-scope","yes"
"export:get.nbrs","export","get.nbrs","","","R/extrema_utils.R","PROTECTED","gflow","public-export","none","none","none","man/get.nbrs.Rd","none","PROTECT","outside-cleanup-scope","yes"
"export:get.path.data","export","get.path.data","","","R/centered_paths.R","CORE-ANALYSIS","gflow","public-export","none","none","none","man/get.path.data.Rd","none","KEEP-PENDING-S3-REVIEW","phase-6","no"
"export:get.sphere.degree.props","export","get.sphere.degree.props","","","R/graph_utils.R","DGRAPHS","dgraphs","public-export","none","none","none","man/get.sphere.degree.props.Rd","none","REVIEW-DEEXPORT-OR-ADAPTER","phase-5-or-6","no"
"export:get.TN.S1.degree.props","export","get.TN.S1.degree.props","","","R/graph_utils.R","DGRAPHS","dgraphs","public-export","none","none","none","man/get.TN.S1.degree.props.Rd","none","REVIEW-DEEXPORT-OR-ADAPTER","phase-5-or-6","no"
"export:get.torus.degree.props","export","get.torus.degree.props","","","R/graph_utils.R","DGRAPHS","dgraphs","public-export","none","none","none","man/get.torus.degree.props.Rd","none","REVIEW-DEEXPORT-OR-ADAPTER","phase-5-or-6","no"
"export:gfassoc.deviation","export","gfassoc.deviation","","","R/gfassoc_utils.R","CORE-ASSOCIATION","gflow","public-export","none","none","tests/testthat/test-phase3-association-api.R","man/gfassoc.deviation.Rd","none","KEEP-AND-CONSOLIDATE","cleanup-release","no"
"export:gfassoc.membership","export","gfassoc.membership","","","R/gfassoc_utils.R","CORE-ASSOCIATION","gflow","public-export","none","none","tests/testthat/test-phase3-association-api.R","man/gfassoc.membership.Rd","none","KEEP-AND-CONSOLIDATE","cleanup-release","no"
"export:gfassoc.overlap","export","gfassoc.overlap","","","R/gfassoc_utils.R","CORE-ASSOCIATION","gflow","public-export","none","none","tests/testthat/test-phase3-association-api.R","man/gfassoc.overlap.Rd","none","KEEP-AND-CONSOLIDATE","cleanup-release","no"
"export:gfassoc.polarity","export","gfassoc.polarity","","","R/gfassoc_utils.R","CORE-ASSOCIATION","gflow","public-export","none","none","tests/testthat/test-phase3-association-api.R","man/gfassoc.polarity.Rd","none","KEEP-AND-CONSOLIDATE","cleanup-release","no"
"export:gfcor","export","gfcor","","","R/gfcor.R","CORE-ASSOCIATION","gflow","public-export","none","none","tests/testthat/test-phase3-association-api.R","man/gfcor.Rd","none","KEEP-AND-CONSOLIDATE","cleanup-release","no"
"export:ggraph","export","ggraph","","","R/graphics.R","DGRAPHS","dgraphs","public-export","plot.gaussian_mixture_data;plot.graphMScx","plot.gaussian_mixture_data;plot.graphMScx","none","man/ggraph.Rd","none","REVIEW-DEEXPORT-OR-ADAPTER","phase-5-or-6","no"
"export:gradient.trajectories.plot","export","gradient.trajectories.plot","","","R/2d_smooth_morse_smale.R","PROTECTED","gflow","public-export","none","none","none","man/gradient.trajectories.plot.Rd","none","PROTECT","outside-cleanup-scope","yes"
"export:gradient.trajectory.plot","export","gradient.trajectory.plot","","","R/2d_smooth_morse_smale.R","PROTECTED","gflow","public-export","morse.analysis.plot","morse.analysis.plot","none","man/gradient.trajectory.plot.Rd","none","PROTECT","outside-cleanup-scope","yes"
"export:graph.cltr.imputation","export","graph.cltr.imputation","","","R/clustering.R","CORE-PRIVATE","gflow-internal-or-specialist-package","public-export","none","none","tests/testthat/test-graph-cltr-imputation.R","man/graph.cltr.imputation.Rd","none","REVIEW-AND-DEEXPORT","phase-5-or-6","no"
"export:graph.constrained.gradient.flow.trajectories","export","graph.constrained.gradient.flow.trajectories","","","R/graph_MS_cx.R","PROTECTED","gflow","public-export","none","none","none","man/graph.constrained.gradient.flow.trajectories.Rd","none","PROTECT","outside-cleanup-scope","yes"
"export:graph.metric.precompute","export","graph.metric.precompute","","","R/trajectory_distances.R","DGRAPHS","dgraphs","public-export","none","none","none","man/graph.metric.precompute.Rd","none","REVIEW-DEEXPORT-OR-ADAPTER","phase-5-or-6","no"
"export:grid.critical.points.plot","export","grid.critical.points.plot","","","R/2d_smooth_morse_smale.R","PROTECTED","gflow","public-export","morse.analysis.plot","morse.analysis.plot","none","man/grid.critical.points.plot.Rd","none","PROTECT","outside-cleanup-scope","yes"
"export:hausdorff.distance.cost","export","hausdorff.distance.cost","","","R/trajectory_distances.R","DGRAPHS","dgraphs","public-export","trajectory.dist","trajectory.dist","none","man/hausdorff.distance.cost.Rd","none","REVIEW-DEEXPORT-OR-ADAPTER","phase-5-or-6","no"
"export:hclust.select.k","export","hclust.select.k","","","R/clustering.R","CORE-PRIVATE","gflow-internal-or-specialist-package","public-export","none","none","none","man/hclust.select.k.Rd","none","REVIEW-AND-DEEXPORT","phase-5-or-6","no"
"export:hdbscan.cltr","export","hdbscan.cltr","","","R/clustering.R","CORE-PRIVATE","gflow-internal-or-specialist-package","public-export","show.tx","show.tx","none","man/hdbscan.cltr.Rd","none","REVIEW-AND-DEEXPORT","phase-5-or-6","no"
"export:itriangle.plot","export","itriangle.plot","","","R/graphics.R","DGRAPHS","dgraphs","public-export","none","none","none","man/itriangle.plot.Rd","none","REVIEW-DEEXPORT-OR-ADAPTER","phase-5-or-6","no"
"export:kNN.cltr.imputation","export","kNN.cltr.imputation","","","R/clustering.R","CORE-PRIVATE","gflow-internal-or-specialist-package","public-export","hdbscan.cltr;show.tx","hdbscan.cltr;show.tx","none","man/kNN.cltr.imputation.Rd","none","REVIEW-AND-DEEXPORT","phase-5-or-6","no"
"export:label.extrema.3d","export","label.extrema.3d","","","R/extrema_utils.R","PROTECTED","gflow","public-export","none","none","none","man/label.extrema.3d.Rd","none","PROTECT","outside-cleanup-scope","yes"
"export:label.extrema.leaders.3d","export","label.extrema.leaders.3d","","","R/extrema_utils.R","PROTECTED","gflow","public-export","none","none","tests/testthat/test-label-extrema-leaders-3d.R","man/label.extrema.leaders.3d.Rd","none","PROTECT","outside-cleanup-scope","yes"
"export:label.extremality.3d","export","label.extremality.3d","","","R/extremality_utils.R","CORE-ANALYSIS","gflow","public-export","none","none","none","man/label.extremality.3d.Rd","none","KEEP-PENDING-S3-REVIEW","phase-6","no"
"export:lcor","export","lcor","","","R/lcor.R","CORE-ASSOCIATION","gflow","public-export","lcor.with.posterior.R;permutation.test.lcor","lcor.with.posterior;lcor.with.posterior.R;permutation.test.lcor","tests/testthat/test-lcor-hop-radius.R;tests/testthat/test-phase2-smoothing-boundary.R;tests/testthat/test-phase3-association-api.R","man/lcor.Rd","cell_cycle:R/run_notch_lcor_winner_grid.R:214;cell_cycle:R/run_notch_lcor_winner_grid.R:225;cell_cycle:R/run_notch_lcor_winner_grid.R:236;cell_cycle:R/run_notch_lcor_winner_grid.R:247;cell_cycle:R/run_notch_vs_cellcycle_lcor_winner_grid.R:345;cell_cycle:R/run_notch_vs_cellcycle_lcor_winner_grid.R:357;cell_cycle:R/run_notch_vs_cellcycle_lcor_winner_grid.R:369;cell_cycle:R/run_notch_vs_cellcycle_lcor_winner_grid.R:381;cell_cycle:R/run_notch_vs_cellcycle_lcor_winner_grid.R:393","KEEP-AND-CONSOLIDATE","cleanup-release","no"
"export:lcor.with.posterior","export","lcor.with.posterior","","","R/lcor_with_posterior.R","CORE-ASSOCIATION","gflow","public-export","none","none","tests/testthat/test-phase2-smoothing-boundary.R;tests/testthat/test-phase3-association-api.R","man/lcor.with.posterior.Rd","gflowx:R/lcor_rdgraph_posterior.R:15;gflowx:R/lcor_rdgraph_posterior.R:20;gflowx:R/lcor_rdgraph_posterior.R:5","KEEP-AND-CONSOLIDATE","cleanup-release","no"
"export:lcss.eps.auto.graph","export","lcss.eps.auto.graph","","","R/trajectory_distances.R","DGRAPHS","dgraphs","public-export","lcss.eps.auto.matchrate.graph","lcss.eps.auto.matchrate.graph;trajectory.dist","none","man/lcss.eps.auto.graph.Rd","none","REVIEW-DEEXPORT-OR-ADAPTER","phase-5-or-6","no"
"export:lcss.eps.auto.matchrate.graph","export","lcss.eps.auto.matchrate.graph","","","R/trajectory_distances.R","DGRAPHS","dgraphs","public-export","trajectory.dist","trajectory.dist","none","man/lcss.eps.auto.matchrate.graph.Rd","none","REVIEW-DEEXPORT-OR-ADAPTER","phase-5-or-6","no"
"export:lcss.length.cost","export","lcss.length.cost","","","R/trajectory_distances.R","DGRAPHS","dgraphs","public-export","traj.lcss.distance.graph;trajectory.dist","traj.lcss.distance.graph;trajectory.dist","none","man/lcss.length.cost.Rd","none","REVIEW-DEEXPORT-OR-ADAPTER","phase-5-or-6","no"
"export:lslope","export","lslope","","","R/lslope.R","CORE-ASSOCIATION","gflow","public-export","none","none","tests/testthat/test-phase2-smoothing-boundary.R;tests/testthat/test-phase3-association-api.R","man/lslope.Rd","none","KEEP-AND-CONSOLIDATE","cleanup-release","no"
"export:lslope.neighborhood","export","lslope.neighborhood","","","R/lslope.R","CORE-ASSOCIATION","gflow","public-export","none","none","tests/testthat/test-phase3-association-api.R","man/lslope.neighborhood.Rd","none","KEEP-AND-CONSOLIDATE","cleanup-release","no"
"export:map.values.to.palette","export","map.values.to.palette","","","R/utils.R","CORE-PRIVATE","gflow-internal-or-specialist-package","public-export","none","none","none","man/map.values.to.palette.Rd","none","REVIEW-AND-DEEXPORT","phase-5-or-6","no"
"export:maxp","export","maxp","","","R/pextrema.R","PROTECTED","gflow","public-export","none","none","none","man/maxp.Rd","none","PROTECT","outside-cleanup-scope","yes"
"export:minp","export","minp","","","R/pextrema.R","PROTECTED","gflow","public-export","none","none","none","man/minp.Rd","none","PROTECT","outside-cleanup-scope","yes"
"export:morse.analysis.plot","export","morse.analysis.plot","","","R/2d_smooth_morse_smale.R","PROTECTED","gflow","public-export","none","none","none","man/morse.analysis.plot.Rd","none","PROTECT","outside-cleanup-scope","yes"
"export:morse.smale.cells.plot","export","morse.smale.cells.plot","","","R/2d_smooth_morse_smale.R","PROTECTED","gflow","public-export","none","none","none","man/morse.smale.cells.plot.Rd","none","PROTECT","outside-cleanup-scope","yes"
"export:morse.smale.complex.lmin.lmax.summary","export","morse.smale.complex.lmin.lmax.summary","","","R/graph_MS_cx.R","PROTECTED","gflow","public-export","none","none","none","man/morse.smale.complex.lmin.lmax.summary.Rd","none","PROTECT","outside-cleanup-scope","yes"
"export:morse.smale.complex.plot","export","morse.smale.complex.plot","","","R/2d_smooth_morse_smale.R","PROTECTED","gflow","public-export","none","none","none","man/morse.smale.complex.plot.Rd","none","PROTECT","outside-cleanup-scope","yes"
"export:morse.smale.complex.plot.from.critical","export","morse.smale.complex.plot.from.critical","","","R/2d_smooth_morse_smale.R","PROTECTED","gflow","public-export","none","none","none","man/morse.smale.complex.plot.from.critical.Rd","none","PROTECT","outside-cleanup-scope","yes"
"export:o.inv.fn","export","o.inv.fn","","","R/geodesics.R","CORE-ANALYSIS","gflow","public-export","none","none","none","man/o.inv.fn.Rd","none","KEEP-PENDING-S3-REVIEW","phase-6","no"
"export:parameterize.circular.graph","export","parameterize.circular.graph","","","R/parameterize_circular_graph.R","CORE-ANALYSIS","gflow","public-export","none","none","none","man/parameterize.circular.graph.Rd","none","KEEP-PENDING-S3-REVIEW","phase-6","no"
"export:partition.graph","export","partition.graph","","","R/partition_graph.R","DGRAPHS","dgraphs","public-export","none","none","none","man/partition.graph.Rd","none","REVIEW-DEEXPORT-OR-ADAPTER","phase-5-or-6","no"
"export:permutation.test.lcor","export","permutation.test.lcor","","","R/permutation_test_lcor.R","CORE-ASSOCIATION","gflow","public-export","none","none","tests/testthat/test-phase3-association-api.R","man/permutation.test.lcor.Rd","none","KEEP-AND-CONSOLIDATE","cleanup-release","no"
"export:phate","export","phate","","","R/phate_core.R","DGRAPHS","dgraphs","public-export","none","none","tests/testthat/test-diffusion-pseudotime-sparse.R;tests/testthat/test-distance-graph-helpers.R;tests/testthat/test-phate-core-embed.R;tests/testthat/test-phate-phase1-python-kernel.R;tests/testthat/test-phate-phase2-diffusion-potential.R;tests/testthat/test-phate-phase3-mds-parity.R;tests/testthat/test-phate-phase5-embedding-distance-boundary.R;tests/testthat/test-phate-phase6-python-parity-suite.R","man/phate.Rd","ZB:analysis/workflows/chm_gateway/135-phate_3d_sptb_embeddings.R:501;ZB:analysis/workflows/chm_gateway/136-valencia_phate3d_cst_embeddings.R:137","REVIEW-DEEXPORT-OR-ADAPTER","phase-5-or-6","no"
"export:phate.core","export","phate.core","","","R/phate_core.R","DGRAPHS","dgraphs","public-export","phate","phate","tests/testthat/test-diffusion-pseudotime-sparse.R;tests/testthat/test-phate-core-embed.R;tests/testthat/test-phate-phase1-python-kernel.R;tests/testthat/test-phate-phase2-diffusion-potential.R;tests/testthat/test-phate-phase6-python-parity-suite.R","man/phate.core.Rd","graph_modularity:scripts/prototype_metric_clustering_tier1.R:349;graph_modularity:scripts/prototype_metric_clustering_tier1.R:48;graph_modularity:scripts/run_metric_clustering_tier1.R:39;graph_modularity:scripts/run_metric_clustering_tier1.R:570","REVIEW-DEEXPORT-OR-ADAPTER","phase-5-or-6","no"
"export:phate.embed","export","phate.embed","","","R/phate_core.R","DGRAPHS","dgraphs","public-export","phate","phate","tests/testthat/test-phate-core-embed.R;tests/testthat/test-phate-phase3-mds-parity.R;tests/testthat/test-phate-phase5-embedding-distance-boundary.R;tests/testthat/test-phate-phase6-python-parity-suite.R","man/phate.embed.Rd","none","REVIEW-DEEXPORT-OR-ADAPTER","phase-5-or-6","no"
"export:plot3D.cltrs.widget","export","plot3D.cltrs.widget","","","R/plot_utils.R","CORE-ANALYSIS","gflow","public-export","plot3D.cltrs.html","plot3D.cltrs.html","tests/testthat/test-phase4-support-boundary.R;tests/testthat/test-plot3d-widget-aliases.R","man/plot3D.cltrs.widget.Rd","gflowx:R/iknn_graph_response_pipeline.R:43","KEEP-PENDING-S3-REVIEW","phase-6","no"
"export:plot3D.cont.widget","export","plot3D.cont.widget","","","R/plot_utils.R","CORE-ANALYSIS","gflow","public-export","plot3D.cont.html","plot3D.cont.html","tests/testthat/test-phase4-support-boundary.R;tests/testthat/test-plot3d-widget-aliases.R","man/plot3D.cont.widget.Rd","gflowx:R/iknn_graph_response_pipeline.R:46","KEEP-PENDING-S3-REVIEW","phase-6","no"
"export:plot3D.graph","export","plot3D.graph","","","R/graphics.R","DGRAPHS","dgraphs","public-export","plot.gaussian_mixture_data","plot.gaussian_mixture_data","none","man/plot3D.graph.Rd","none","REVIEW-DEEXPORT-OR-ADAPTER","phase-5-or-6","no"
"export:plot3D.plain.widget","export","plot3D.plain.widget","","","R/plot_utils.R","CORE-ANALYSIS","gflow","public-export","plot3D.plain.html","plot3D.plain.html","tests/testthat/test-phase4-support-boundary.R;tests/testthat/test-plot3d-widget-aliases.R","man/plot3D.plain.widget.Rd","gflowx:R/iknn_graph_response_pipeline.R:41","KEEP-PENDING-S3-REVIEW","phase-6","no"
"export:point.dist.matrix","export","point.dist.matrix","","","R/trajectory_distances.R","DGRAPHS","dgraphs","public-export","trajectory.dist","trajectory.dist","none","man/point.dist.matrix.Rd","none","REVIEW-DEEXPORT-OR-ADAPTER","phase-5-or-6","no"
"export:prof.fn","export","prof.fn","","","R/annotation.R","PROTECTED","gflow","public-export","create.lmin.lmax.labels;create.taxonomic.labels;create.vertex.labels","create.lmin.lmax.labels;create.taxonomic.labels;create.vertex.labels;morse.smale.complex.lmin.lmax.summary","none","man/prof.fn.Rd","none","PROTECT","outside-cleanup-scope","yes"
"export:quadform.delaunay.geodesic.distances","export","quadform.delaunay.geodesic.distances","","","R/quadform_geodesics.R","CORE-ANALYSIS","gflow","public-export","quadform.sample.dataset","quadform.sample.dataset","tests/testthat/test-quadform-geodesics.R","man/quadform.delaunay.geodesic.distances.Rd","geodesic_data_geometry:experiments/geodesic-distance-estimation/notes/quadform_4d_reference_oracle_brief.md:114;geodesic_data_geometry:experiments/quadform-benchmarks/quadform-3d-delaunay-oracle-stress-test/run_quadform_3d_delaunay_oracle_stress_test.R:179;geodesic_data_geometry:experiments/quadform-benchmarks/quadform-3d-delaunay-reference/run_quadform_3d_delaunay_reference_report.R:110","KEEP-PENDING-S3-REVIEW","phase-6","no"
"export:quadform.edge.length","export","quadform.edge.length","","","R/quadform_geodesics.R","CORE-ANALYSIS","gflow","public-export","quadform.reference.geodesics","quadform.reference.geodesics;quadform.sample.dataset","tests/testthat/test-quadform-geodesics.R","man/quadform.edge.length.Rd","geodesic_data_geometry:experiments/geodesic-distance-estimation/notes/quadform_4d_reference_oracle_brief.md:75","KEEP-PENDING-S3-REVIEW","phase-6","no"
"export:quadform.edge.lengths","export","quadform.edge.lengths","","","R/quadform_geodesics.R","CORE-ANALYSIS","gflow","public-export",".quadform.highdim.reference.geodesics;.quadform.repair.highdim.reference.mst;quadform.delaunay.geodesic.distances",".quadform.highdim.reference.geodesics;.quadform.repair.highdim.reference.mst;quadform.delaunay.geodesic.distances;quadform.experimental.local.reference.geodesics;quadform.sample.dataset","tests/testthat/test-quadform-geodesics.R","man/quadform.edge.lengths.Rd","geodesic_data_geometry:experiments/geodesic-distance-estimation/notes/quadform_4d_reference_oracle_brief.md:76;geosmooth:tests/migration/test-graph-trend-filtering-gflow-fixtures.R:22;grip:dev/quadforms/quadform_gflow_graph_constructor_notes.md:339;trend_filtering:development/package_split_audit/dg10a_geosmooth_gflow_reference_inventory_handoff_2026-06-05.md:100;trend_filtering:development/package_split_audit/dg10a_geosmooth_gflow_reference_inventory_handoff_2026-06-05.md:156;trend_filtering:development/package_split_audit/dg10a_geosmooth_gflow_reference_inventory_handoff_audit_2026-06-05.md:175;trend_filtering:development/package_split_audit/dg10bcd_geosmooth_gflow_bridge_fixture_cleanup_handoff_2026-06-05.md:64","KEEP-PENDING-S3-REVIEW","phase-6","no"
"export:quadform.embed","export","quadform.embed","","","R/quadform_geodesics.R","CORE-ANALYSIS","gflow","public-export",".quadform.default.oracle.tube.radius;.quadform.highdim.reference.geodesics;quadform.delaunay.geodesic.distances;quadform.sample.dataset",".quadform.default.oracle.tube.radius;.quadform.highdim.reference.geodesics;quadform.delaunay.geodesic.distances;quadform.experimental.local.reference.geodesics;quadform.grid.geodesic.distances;quadform.sample.dataset","tests/testthat/test-quadform-geodesics.R","man/quadform.embed.Rd","geodesic_data_geometry:experiments/geodesic-distance-estimation/notes/quadform_4d_reference_oracle_brief.md:72;geodesicMDS:experiments/quadform-initialization-timing/run_quadform_initialization_timing.R:80;geosmooth:tests/migration/test-graph-trend-filtering-gflow-fixtures.R:21;trend_filtering:development/package_split_audit/dg10a_geosmooth_gflow_reference_inventory_handoff_2026-06-05.md:100;trend_filtering:development/package_split_audit/dg10a_geosmooth_gflow_reference_inventory_handoff_2026-06-05.md:156;trend_filtering:development/package_split_audit/dg10a_geosmooth_gflow_reference_inventory_handoff_audit_2026-06-05.md:175;trend_filtering:development/package_split_audit/dg10bcd_geosmooth_gflow_bridge_fixture_cleanup_handoff_2026-06-05.md:64","KEEP-PENDING-S3-REVIEW","phase-6","no"
"export:quadform.experimental.local.reference.geodesics","export","quadform.experimental.local.reference.geodesics","","","R/quadform_geodesics.R","CORE-ANALYSIS","gflow","public-export","quadform.sample.dataset","quadform.sample.dataset","tests/testthat/test-quadform-geodesics.R","man/quadform.experimental.local.reference.geodesics.Rd","none","KEEP-PENDING-S3-REVIEW","phase-6","no"
"export:quadform.gradient","export","quadform.gradient","","","R/quadform_geodesics.R","CORE-ANALYSIS","gflow","public-export","quadform.metric","quadform.metric","tests/testthat/test-quadform-geodesics.R","man/quadform.gradient.Rd","geodesic_data_geometry:experiments/geodesic-distance-estimation/notes/quadform_4d_reference_oracle_brief.md:73","KEEP-PENDING-S3-REVIEW","phase-6","no"
"export:quadform.grid.geodesic.calibration","export","quadform.grid.geodesic.calibration","","","R/quadform_geodesics.R","CORE-ANALYSIS","gflow","public-export","none","none","tests/testthat/test-quadform-geodesics.R","man/quadform.grid.geodesic.calibration.Rd","geodesic_data_geometry:experiments/geodesic-distance-estimation/notes/quadform_4d_reference_oracle_brief.md:79","KEEP-PENDING-S3-REVIEW","phase-6","no"
"export:quadform.grid.geodesic.distances","export","quadform.grid.geodesic.distances","","","R/quadform_geodesics.R","CORE-ANALYSIS","gflow","public-export","none","none","tests/testthat/test-quadform-geodesics.R","man/quadform.grid.geodesic.distances.Rd","geodesic_data_geometry:experiments/geodesic-distance-estimation/notes/quadform_4d_reference_oracle_brief.md:78","KEEP-PENDING-S3-REVIEW","phase-6","no"
"export:quadform.metric","export","quadform.metric","","","R/quadform_geodesics.R","CORE-ANALYSIS","gflow","public-export","none","none","tests/testthat/test-quadform-geodesics.R","man/quadform.metric.Rd","geodesic_data_geometry:experiments/geodesic-distance-estimation/notes/quadform_4d_reference_oracle_brief.md:74","KEEP-PENDING-S3-REVIEW","phase-6","no"
"export:quadform.reference.geodesics","export","quadform.reference.geodesics","","","R/quadform_geodesics.R","CORE-ANALYSIS","gflow","public-export","quadform.sample.dataset","quadform.sample.dataset","tests/testthat/test-quadform-geodesics.R","man/quadform.reference.geodesics.Rd","geodesic_data_geometry:experiments/geodesic-distance-estimation/notes/gflowui_quadform_benchmark_explorer_brief.md:127;geodesic_data_geometry:experiments/geodesic-distance-estimation/notes/quadform_4d_reference_oracle_brief.md:77","KEEP-PENDING-S3-REVIEW","phase-6","no"
"export:quadform.sample.dataset","export","quadform.sample.dataset","","","R/quadform_geodesics.R","CORE-ANALYSIS","gflow","public-export","none","none","tests/testthat/test-quadform-geodesics.R","man/quadform.sample.dataset.Rd","geodesic_data_geometry:experiments/geodesic-distance-estimation/notes/gflowui_quadform_benchmark_explorer_brief.md:126;geodesic_data_geometry:experiments/geodesic-distance-estimation/notes/quadform_4d_reference_oracle_brief.md:120;geodesic_data_geometry:experiments/geodesic-distance-estimation/notes/quadform_4d_reference_oracle_brief.md:80;geodesicMDS:experiments/edge-isometric-repulsive-unfolding-initial-suite/R/fixtures.R:10;grip:dev/quadforms/quadform_gflow_graph_constructor_notes.md:500;grip:dev/quadforms/quadform_gflow_graph_constructor_notes.md:501;grip:dev/quadforms/quadform_gflow_graph_constructor_notes.md:59;grip:dev/quadforms/quadform_gflow_graph_constructor_notes.md:77","KEEP-PENDING-S3-REVIEW","phase-6","no"
"export:relabel.extrema","export","relabel.extrema","","","R/extrema_utils.R","PROTECTED","gflow","public-export","relabel.extrema","relabel.extrema","none","man/relabel.extrema.Rd","none","PROTECT","outside-cleanup-scope","yes"
"export:replace.basin.label","export","replace.basin.label","","","R/graph_gradient_flow.R","PROTECTED","gflow","public-export","none","none","none","man/replace.basin.label.Rd","none","PROTECT","outside-cleanup-scope","yes"
"export:scan.resolution","export","scan.resolution","","","R/scan_resolution.R","CORE-ANALYSIS","gflow","public-export","none","none","none","man/scan.resolution.Rd","none","KEEP-PENDING-S3-REVIEW","phase-6","no"
"export:scan.stability","export","scan.stability","","","R/scan_stability.R","CORE-ANALYSIS","gflow","public-export","none","none","none","man/scan.stability.Rd","none","KEEP-PENDING-S3-REVIEW","phase-6","no"
"export:select.max.density.trajectory","export","select.max.density.trajectory","","","R/harmonic_extension.R","CORE-ANALYSIS","gflow","public-export","none","none","none","man/select.max.density.trajectory.Rd","none","KEEP-PENDING-S3-REVIEW","phase-6","no"
"export:select3D.points","export","select3D.points","","","R/select_pts.R","CORE-PRIVATE","gflow-internal-or-specialist-package","public-export","select3D.points.profiles","select3D.points.profiles","none","man/select3D.points.Rd","none","REVIEW-AND-DEEXPORT","phase-5-or-6","no"
"export:select3D.points.html","export","select3D.points.html","","","R/select_pts.R","CORE-PRIVATE","gflow-internal-or-specialist-package","public-export","none","none","none","man/select3D.points.html.Rd","gflow-w2:tests/manual/select3D_points_html_evenness_k05_driver.R:173","REVIEW-AND-DEEXPORT","phase-5-or-6","no"
"export:select3D.points.plotly","export","select3D.points.plotly","","","R/select_pts.R","CORE-PRIVATE","gflow-internal-or-specialist-package","public-export","none","none","none","man/select3D.points.plotly.Rd","gflow-w2:tests/manual/select3D_points_html_evenness_k05_driver.R:184","REVIEW-AND-DEEXPORT","phase-5-or-6","no"
"export:select3D.points.profiles","export","select3D.points.profiles","","","R/select_pts.R","CORE-PRIVATE","gflow-internal-or-specialist-package","public-export","none","none","none","man/select3D.points.profiles.Rd","none","REVIEW-AND-DEEXPORT","phase-5-or-6","no"
"export:separatrices.with.cells.plot","export","separatrices.with.cells.plot","","","R/2d_smooth_morse_smale.R","PROTECTED","gflow","public-export","none","none","none","man/separatrices.with.cells.plot.Rd","none","PROTECT","outside-cleanup-scope","yes"
"export:set.boundary","export","set.boundary","","","R/graph_gradient_flow_basins.R","PROTECTED","gflow","public-export","lmax.basins;lmin.basins","compute.graph.gradient.flow;lmax.basins;lmin.basins","none","man/set.boundary.Rd","none","PROTECT","outside-cleanup-scope","yes"
"export:show.profile","export","show.profile","","","R/select_pts.R","CORE-PRIVATE","gflow-internal-or-specialist-package","public-export","none","none","none","man/show.profile.Rd","none","REVIEW-AND-DEEXPORT","phase-5-or-6","no"
"export:signif_df","export","signif_df","","","R/utils.R","CORE-PRIVATE","gflow-internal-or-specialist-package","public-export","none","none","none","man/signif_df.Rd","none","REVIEW-AND-DEEXPORT","phase-5-or-6","no"
"export:standardize.string","export","standardize.string","","","R/annotation.R","CORE-PRIVATE","gflow-internal-or-specialist-package","public-export","E.geodesic.X","E.geodesic.X","none","man/standardize.string.Rd","none","REVIEW-AND-DEEXPORT","phase-5-or-6","no"
"export:suggest.threshold","export","suggest.threshold","","","R/gflow_cx.R","PROTECTED","gflow","public-export","none","none","none","man/suggest.threshold.Rd","none","PROTECT","outside-cleanup-scope","yes"
"export:traj.frechet.distance.graph","export","traj.frechet.distance.graph","","","R/trajectory_distances.R","DGRAPHS","dgraphs","public-export","none","none","none","man/traj.frechet.distance.graph.Rd","none","REVIEW-DEEXPORT-OR-ADAPTER","phase-5-or-6","no"
"export:traj.lcss.distance.graph","export","traj.lcss.distance.graph","","","R/trajectory_distances.R","DGRAPHS","dgraphs","public-export","none","none","none","man/traj.lcss.distance.graph.Rd","none","REVIEW-DEEXPORT-OR-ADAPTER","phase-5-or-6","no"
"export:traj.local.cost.graph","export","traj.local.cost.graph","","","R/trajectory_distances.R","DGRAPHS","dgraphs","public-export","traj.frechet.distance.graph;traj.lcss.distance.graph;trajectory.dist","traj.frechet.distance.graph;traj.lcss.distance.graph;trajectory.dist","none","man/traj.local.cost.graph.Rd","none","REVIEW-DEEXPORT-OR-ADAPTER","phase-5-or-6","no"
"export:traj.points","export","traj.points","","","R/trajectory_distances.R","DGRAPHS","dgraphs","public-export","trajectory.dist","trajectory.dist","none","man/traj.points.Rd","none","REVIEW-DEEXPORT-OR-ADAPTER","phase-5-or-6","no"
"export:trajectory.dist","export","trajectory.dist","","","R/trajectory_distances.R","DGRAPHS","dgraphs","public-export","none","none","none","man/trajectory.dist.Rd","none","REVIEW-DEEXPORT-OR-ADAPTER","phase-5-or-6","no"
"export:trajectory.distances.to.vertex","export","trajectory.distances.to.vertex","","","R/gfc_flow.R","PROTECTED","gflow","public-export","none","none","none","man/trajectory.distances.to.vertex.Rd","none","PROTECT","outside-cleanup-scope","yes"
"export:triangle.plot","export","triangle.plot","","","R/graphics.R","DGRAPHS","dgraphs","public-export","none","none","none","man/triangle.plot.Rd","none","REVIEW-DEEXPORT-OR-ADAPTER","phase-5-or-6","no"
"export:uncovered.vertices.gfc.flow","export","uncovered.vertices.gfc.flow","","","R/gfc_flow.R","PROTECTED","gflow","public-export","print.gfc.flow","print.gfc.flow","none","man/uncovered.vertices.gfc.flow.Rd","none","PROTECT","outside-cleanup-scope","yes"
"export:vars.approx.monotonically.assoc.with.geodesic","export","vars.approx.monotonically.assoc.with.geodesic","","","R/geodesics.R","CORE-ANALYSIS","gflow","public-export","none","none","none","man/vars.approx.monotonically.assoc.with.geodesic.Rd","none","KEEP-PENDING-S3-REVIEW","phase-6","no"
"export:vertex.cell.trajectory.gfc.flow","export","vertex.cell.trajectory.gfc.flow","","","R/gfc_flow.R","PROTECTED","gflow","public-export","none","none","none","man/vertex.cell.trajectory.gfc.flow.Rd","none","PROTECT","outside-cleanup-scope","yes"
"export:vertex.distances.to.trajectory","export","vertex.distances.to.trajectory","","","R/gfc_flow.R","PROTECTED","gflow","public-export","none","none","none","man/vertex.distances.to.trajectory.Rd","none","PROTECT","outside-cleanup-scope","yes"
"export:vertices","export","vertices","","","R/local_extrema.R","PROTECTED","gflow","public-export","none","none","tests/testthat/helper-nerve-utils.R;tests/testthat/test-basin-complex-phase-b.R;tests/testthat/test-basin-complex-phase-c.R;tests/testthat/test-basin-complex-phase-d.R;tests/testthat/test-basin-complex-phase-e.R;tests/testthat/test-basin-complex-phase-f.R;tests/testthat/test-basin-complex-phase-g.R;tests/testthat/test-basin-complex-plateau-flow.R;tests/testthat/test-compute-gfc-summary-harmonization.R;tests/testthat/test-dgraphs-namespace-boundary.R;tests/testthat/test-diffusion-pseudotime-sparse.R;tests/testthat/test-graph-cltr-imputation.R;tests/testthat/test-graph-geodesic-distances.R;tests/testthat/test-label-extrema-leaders-3d.R;tests/testthat/test-lcor-hop-radius.R;tests/testthat/test-nerve-construction.R;tests/testthat/test-phase2-smoothing-boundary.R;tests/testthat/test-quadform-geodesics.R;tests/testthat/test-rtcb-basins.R;tests/testthat/test-tube-lens-corridor.R","man/vertices.Rd","none","PROTECT","outside-cleanup-scope","yes"
"export:visualize.grid.function","export","visualize.grid.function","","","R/graph_utils.R","DGRAPHS","dgraphs","public-export","none","none","none","man/visualize.grid.function.Rd","none","REVIEW-DEEXPORT-OR-ADAPTER","phase-5-or-6","no"
"export:visualize.smoothing.steps","export","visualize.smoothing.steps","","","R/gflow_cx.R","PROTECTED","gflow","public-export","none","none","none","man/visualize.smoothing.steps.Rd","none","PROTECT","outside-cleanup-scope","yes"
"export:weighted.p.value","export","weighted.p.value","","","R/pvalue_utils.R","CORE-ASSOCIATION","gflow","public-export","fassoc0.test;fassoc1.test;weighted.p.value.summary","E.geodesic.X;fassoc.test;fassoc0.test;fassoc1.test;weighted.p.value.summary","none","man/weighted.p.value.Rd","none","KEEP-AND-CONSOLIDATE","cleanup-release","no"
"export:weighted.p.value.summary","export","weighted.p.value.summary","","","R/pvalue_utils.R","CORE-ASSOCIATION","gflow","public-export","none","none","none","man/weighted.p.value.summary.Rd","none","KEEP-AND-CONSOLIDATE","cleanup-release","no"
"s3:as.basin.complex:basin_complex","s3","as.basin.complex.basin_complex","as.basin.complex","basin_complex","R/basin_complex.R","PROTECTED","gflow","registered-s3","none","none","none","none","none","PROTECT","outside-cleanup-scope","yes"
"s3:as.basin.complex:basin_cx","s3","as.basin.complex.basin_cx","as.basin.complex","basin_cx","R/basin_complex_converters.R","PROTECTED","gflow","registered-s3","none","none","none","none","none","PROTECT","outside-cleanup-scope","yes"
"s3:as.basin.complex:basins_of_attraction","s3","as.basin.complex.basins_of_attraction","as.basin.complex","basins_of_attraction","R/basin_complex_converters.R","PROTECTED","gflow","registered-s3","none","none","none","none","none","PROTECT","outside-cleanup-scope","yes"
"s3:as.basin.complex:default","s3","as.basin.complex.default","as.basin.complex","default","R/basin_complex.R","PROTECTED","gflow","registered-s3","none","none","none","none","none","PROTECT","outside-cleanup-scope","yes"
"s3:as.basin.complex:gfc.flow","s3","as.basin.complex.gfc.flow","as.basin.complex","gfc.flow","R/basin_complex_converters.R","PROTECTED","gflow","registered-s3","none","none","none","none","none","PROTECT","outside-cleanup-scope","yes"
"s3:as.data.frame:basin_complex","s3","as.data.frame.basin_complex","as.data.frame","basin_complex","R/basin_complex.R","PROTECTED","gflow","registered-s3","none","none","none","none","none","PROTECT","outside-cleanup-scope","yes"
"s3:as.data.frame:harmonic_extension","s3","as.data.frame.harmonic_extension","as.data.frame","harmonic_extension","R/harmonic_extension.R","CORE-ANALYSIS","gflow","registered-s3","none","none","none","man/as.data.frame.harmonic_extension.Rd","none","KEEP-PENDING-S3-REVIEW","phase-6","no"
"s3:basin:basin_complex","s3","basin.basin_complex","basin","basin_complex","R/basin_complex.R","PROTECTED","gflow","registered-s3","none","none","none","none","none","PROTECT","outside-cleanup-scope","yes"
"s3:basin:basins_of_attraction","s3","basin.basins_of_attraction","basin","basins_of_attraction","R/compute_basins_of_attraction.R","PROTECTED","gflow","registered-s3","basins.basins_of_attraction","basins.basins_of_attraction","none","man/basin.basins_of_attraction.Rd","none","PROTECT","outside-cleanup-scope","yes"
"s3:basin:cx.merge","s3","basin.cx.merge","basin","cx.merge","R/basin_cx.R","PROTECTED","gflow","registered-s3","none","none","none","man/basin.cx.merge.Rd","none","PROTECT","outside-cleanup-scope","yes"
"s3:basin:feature.carriers","s3","basin.feature.carriers","basin","feature.carriers","R/gfc_flow.R","PROTECTED","gflow","registered-s3","none","none","none","man/basin.feature.carriers.Rd","none","PROTECT","outside-cleanup-scope","yes"
"s3:basin:prev.eval","s3","basin.prev.eval","basin","prev.eval","R/gfc_flow.R","PROTECTED","gflow","registered-s3","none","none","none","man/basin.prev.eval.Rd","none","PROTECT","outside-cleanup-scope","yes"
"s3:basin:trajectories","s3","basin.trajectories","basin","trajectories","R/gfc_flow.R","PROTECTED","gflow","registered-s3","none","none","none","man/basin.trajectories.Rd","none","PROTECT","outside-cleanup-scope","yes"
"s3:basin:trajectories.gfc.flow","s3","basin.trajectories.gfc.flow","basin","trajectories.gfc.flow","R/gfc_flow.R","PROTECTED","gflow","registered-s3","none","none","none","man/basin.trajectories.gfc.flow.Rd","none","PROTECT","outside-cleanup-scope","yes"
"s3:basin:vertices","s3","basin.vertices","basin","vertices","R/gfc_flow.R","PROTECTED","gflow","registered-s3","none","none","none","man/basin.vertices.Rd","none","PROTECT","outside-cleanup-scope","yes"
"s3:basins:basin_complex","s3","basins.basin_complex","basins","basin_complex","R/basin_complex.R","PROTECTED","gflow","registered-s3","none","none","none","none","none","PROTECT","outside-cleanup-scope","yes"
"s3:basins:basins_of_attraction","s3","basins.basins_of_attraction","basins","basins_of_attraction","R/compute_basins_of_attraction.R","PROTECTED","gflow","registered-s3","none","none","none","man/basins.basins_of_attraction.Rd","none","PROTECT","outside-cleanup-scope","yes"
"s3:basins:merge","s3","basins.merge","basins","merge","R/graph_gradient_flow.R","PROTECTED","gflow","registered-s3","none","none","none","man/basins.merge.Rd","none","PROTECT","outside-cleanup-scope","yes"
"s3:basins:union","s3","basins.union","basins","union","R/basin_cx.R","PROTECTED","gflow","registered-s3","none","none","none","man/basins.union.Rd","none","PROTECT","outside-cleanup-scope","yes"
"s3:cell.trajectories:gfc.flow","s3","cell.trajectories.gfc.flow","cell.trajectories","gfc.flow","R/gfc_flow.R","PROTECTED","gflow","registered-s3","cluster.cell.trajectories","cluster.cell.trajectories","none","man/cell.trajectories.gfc.flow.Rd","none","PROTECT","outside-cleanup-scope","yes"
"s3:cell.trajectories:max.edge.length","s3","cell.trajectories.max.edge.length","cell.trajectories","max.edge.length","R/gfc_flow.R","PROTECTED","gflow","registered-s3","none","none","none","man/cell.trajectories.max.edge.length.Rd","none","PROTECT","outside-cleanup-scope","yes"
"s3:cell.trajectories:monotonicity","s3","cell.trajectories.monotonicity","cell.trajectories","monotonicity","R/gfc_flow.R","PROTECTED","gflow","registered-s3","none","none","none","man/cell.trajectories.monotonicity.Rd","none","PROTECT","outside-cleanup-scope","yes"
"s3:describe:hclust_select_k","s3","describe.hclust_select_k","describe","hclust_select_k","R/clustering.R","CORE-PRIVATE","gflow-internal-or-specialist-package","registered-s3","none","none","none","man/describe.hclust_select_k.Rd","none","REVIEW-AND-DEEXPORT","phase-5-or-6","no"
"s3:identify:bottlenecks","s3","identify.bottlenecks","identify","bottlenecks","R/madag.R","CORE-ANALYSIS","gflow","registered-s3","none","none","none","man/identify.bottlenecks.Rd","none","KEEP-PENDING-S3-REVIEW","phase-6","no"
"s3:identify:gradient.flow.cells","s3","identify.gradient.flow.cells","identify","gradient.flow.cells","R/gradient_basin_utilities.R","PROTECTED","gflow","registered-s3","none","none","none","man/identify.gradient.flow.cells.Rd","none","PROTECT","outside-cleanup-scope","yes"
"s3:list.basins:default","s3","list.basins.default","list.basins","default","R/gfc_flow.R","PROTECTED","gflow","registered-s3","none","none","none","none","none","PROTECT","outside-cleanup-scope","yes"
"s3:list.basins:gfc.flow","s3","list.basins.gfc.flow","list.basins","gfc.flow","R/gfc_flow.R","PROTECTED","gflow","registered-s3","none","none","none","man/list.basins.gfc.flow.Rd","none","PROTECT","outside-cleanup-scope","yes"
"s3:list.cells:default","s3","list.cells.default","list.cells","default","R/gfc_flow.R","PROTECTED","gflow","registered-s3","none","none","none","none","none","PROTECT","outside-cleanup-scope","yes"
"s3:list.cells:gfc.flow","s3","list.cells.gfc.flow","list.cells","gfc.flow","R/gfc_flow.R","PROTECTED","gflow","registered-s3","none","none","none","man/list.cells.gfc.flow.Rd","none","PROTECT","outside-cleanup-scope","yes"
"s3:lmax:basin_summary","s3","lmax.basin_summary","lmax","basin_summary","R/compute_basins_of_attraction.R","PROTECTED","gflow","registered-s3","none","none","none","man/lmax.basin_summary.Rd","none","PROTECT","outside-cleanup-scope","yes"
"s3:lmax:basins","s3","lmax.basins","lmax","basins","R/graph_gradient_flow_basins.R","PROTECTED","gflow","registered-s3","compute.graph.gradient.flow","compute.graph.gradient.flow","none","man/lmax.basins.Rd","none","PROTECT","outside-cleanup-scope","yes"
"s3:lmin:basin_summary","s3","lmin.basin_summary","lmin","basin_summary","R/compute_basins_of_attraction.R","PROTECTED","gflow","registered-s3","none","none","none","man/lmin.basin_summary.Rd","none","PROTECT","outside-cleanup-scope","yes"
"s3:lmin:basins","s3","lmin.basins","lmin","basins","R/graph_gradient_flow_basins.R","PROTECTED","gflow","registered-s3","compute.graph.gradient.flow","compute.graph.gradient.flow","none","man/lmin.basins.Rd","none","PROTECT","outside-cleanup-scope","yes"
"s3:merge:clustered.basins","s3","merge.clustered.basins","merge","clustered.basins","R/merge_clustered_basins.R","PROTECTED","gflow","registered-s3","none","none","none","man/merge.clustered.basins.Rd","none","PROTECT","outside-cleanup-scope","yes"
"s3:merge:gfc.basins","s3","merge.gfc.basins","merge","gfc.basins","R/gfc_flow.R","PROTECTED","gflow","registered-s3","none","none","none","man/merge.gfc.basins.Rd","none","PROTECT","outside-cleanup-scope","yes"
"s3:merge:gfc.flow.basins","s3","merge.gfc.flow.basins","merge","gfc.flow.basins","R/gfc_flow.R","PROTECTED","gflow","registered-s3","merge.gfc.basins","merge.gfc.basins","none","man/merge.gfc.flow.basins.Rd","none","PROTECT","outside-cleanup-scope","yes"
"s3:merge:two.basins","s3","merge.two.basins","merge","two.basins","R/merge_two_extrema.R","CORE-ANALYSIS","gflow","registered-s3","none","none","none","man/merge.two.extrema.Rd","none","KEEP-PENDING-S3-REVIEW","phase-6","no"
"s3:merge:two.extrema","s3","merge.two.extrema","merge","two.extrema","R/merge_two_extrema.R","PROTECTED","gflow","registered-s3","merge.gfc.basins;merge.two.basins","merge.gfc.basins;merge.two.basins","none","man/merge.two.extrema.Rd","none","PROTECT","outside-cleanup-scope","yes"
"s3:plot:basin_complex","s3","plot.basin_complex","plot","basin_complex","R/basin_complex.R","PROTECTED","gflow","registered-s3","none","none","none","none","none","PROTECT","outside-cleanup-scope","yes"
"s3:plot:basin_cx","s3","plot.basin_cx","plot","basin_cx","R/basin_cx.R","PROTECTED","gflow","registered-s3","none","none","none","man/plot.basin_cx.Rd","none","PROTECT","outside-cleanup-scope","yes"
"s3:plot:chain.with.path","s3","plot.chain.with.path","plot","chain.with.path","R/graphics.R","DGRAPHS","dgraphs","registered-s3","none","none","none","man/plot.chain.with.path.Rd","none","REVIEW-DEEXPORT-OR-ADAPTER","phase-5-or-6","no"
"s3:plot:circular_parameterization","s3","plot.circular_parameterization","plot","circular_parameterization","R/parameterize_circular_graph.R","CORE-ANALYSIS","gflow","registered-s3","none","none","none","man/plot.circular_parameterization.Rd","none","KEEP-PENDING-S3-REVIEW","phase-6","no"
"s3:plot:comono.diagnostics","s3","plot.comono.diagnostics","plot","comono.diagnostics","R/analyze_comono_distributions.R","CORE-ANALYSIS","gflow","registered-s3","none","none","none","man/plot.comono.diagnostics.Rd","none","KEEP-PENDING-S3-REVIEW","phase-6","no"
"s3:plot:component","s3","plot.component","plot","component","R/plot_graph_component.R","CORE-ANALYSIS","gflow","registered-s3","plot.components.multi","plot.components.multi","none","man/plot.component.Rd","none","KEEP-PENDING-S3-REVIEW","phase-6","no"
"s3:plot:components.multi","s3","plot.components.multi","plot","components.multi","R/plot_graph_component.R","CORE-ANALYSIS","gflow","registered-s3","none","none","none","man/plot.components.multi.Rd","none","KEEP-PENDING-S3-REVIEW","phase-6","no"
"s3:plot:distance.quantile.bins","s3","plot.distance.quantile.bins","plot","distance.quantile.bins","R/distance_quantile_bin_analysis.R","CORE-ANALYSIS","gflow","registered-s3","none","none","none","none","none","KEEP-PENDING-S3-REVIEW","phase-6","no"
"s3:plot:feature.prevalence","s3","plot.feature.prevalence","plot","feature.prevalence","R/gfc_flow.R","PROTECTED","gflow","registered-s3","none","none","none","man/plot.feature.prevalence.Rd","none","PROTECT","outside-cleanup-scope","yes"
"s3:plot:gfc_modulation","s3","plot.gfc_modulation","plot","gfc_modulation","R/compute_gfc_modulation.R","CORE-ANALYSIS","gflow","registered-s3","none","none","none","man/plot.gfc_modulation.Rd","none","KEEP-PENDING-S3-REVIEW","phase-6","no"
"s3:plot:gflow_graph","s3","plot.gflow_graph","plot","gflow_graph","R/gflow_graph_plot.R","CORE-ANALYSIS","gflow","registered-s3","none","none","none","man/plot.gflow_graph.Rd","none","KEEP-PENDING-S3-REVIEW","phase-6","no"
"s3:plot:ggraph","s3","plot.ggraph","plot","ggraph","R/graphics.R","DGRAPHS","dgraphs","registered-s3","none","none","none","man/plot.ggraph.Rd","none","REVIEW-DEEXPORT-OR-ADAPTER","phase-5-or-6","no"
"s3:plot:graphMScx","s3","plot.graphMScx","plot","graphMScx","R/graphics.R","DGRAPHS","dgraphs","registered-s3","none","none","none","man/plot.graphMScx.Rd","none","REVIEW-DEEXPORT-OR-ADAPTER","phase-5-or-6","no"
"s3:plot:hclust_select_k","s3","plot.hclust_select_k","plot","hclust_select_k","R/clustering.R","CORE-PRIVATE","gflow-internal-or-specialist-package","registered-s3","none","none","none","man/plot.hclust_select_k.Rd","none","REVIEW-AND-DEEXPORT","phase-5-or-6","no"
"s3:plot:kh.matrix","s3","plot.kh.matrix","plot","kh.matrix","R/graphics.R","DGRAPHS","dgraphs","registered-s3","none","none","none","man/plot.kh.matrix.Rd","none","REVIEW-DEEXPORT-OR-ADAPTER","phase-5-or-6","no"
"s3:plot:local_extrema","s3","plot.local_extrema","plot","local_extrema","R/local_extrema.R","PROTECTED","gflow","registered-s3","none","none","none","man/plot.local_extrema.Rd","none","PROTECT","outside-cleanup-scope","yes"
"s3:plot:model.errors","s3","plot.model.errors","plot","model.errors","R/graphics.R","DGRAPHS","dgraphs","registered-s3","none","none","none","man/plot.model.errors.Rd","none","REVIEW-DEEXPORT-OR-ADAPTER","phase-5-or-6","no"
"s3:plot:morse.smale.trajectories.from.point","s3","plot.morse.smale.trajectories.from.point","plot","morse.smale.trajectories.from.point","R/2d_smooth_morse_smale.R","PROTECTED","gflow","registered-s3","none","none","none","man/plot.morse.smale.trajectories.from.point.Rd","none","PROTECT","outside-cleanup-scope","yes"
"s3:plot:prediction.errors","s3","plot.prediction.errors","plot","prediction.errors","R/graphics.R","DGRAPHS","dgraphs","registered-s3","none","none","none","man/plot.prediction.errors.Rd","none","REVIEW-DEEXPORT-OR-ADAPTER","phase-5-or-6","no"
"s3:plot:star_object","s3","plot.star_object","plot","star_object","R/graph_generators.R","EXAMPLE","tests-or-external-examples","registered-s3","none","none","none","man/plot.star_object.Rd","none","DEEXPORT-THEN-MOVE","phase-5","no"
"s3:print:basin_complex","s3","print.basin_complex","print","basin_complex","R/basin_complex.R","PROTECTED","gflow","registered-s3","none","none","none","none","none","PROTECT","outside-cleanup-scope","yes"
"s3:print:basin_cx","s3","print.basin_cx","print","basin_cx","R/basin_cx.R","PROTECTED","gflow","registered-s3","none","none","none","man/print.basin_cx.Rd","none","PROTECT","outside-cleanup-scope","yes"
"s3:print:basins_of_attraction","s3","print.basins_of_attraction","print","basins_of_attraction","R/compute_gfc.R","PROTECTED","gflow","registered-s3","none","none","none","man/print.basins_of_attraction.Rd","none","PROTECT","outside-cleanup-scope","yes"
"s3:print:circular_parameterization","s3","print.circular_parameterization","print","circular_parameterization","R/parameterize_circular_graph.R","CORE-ANALYSIS","gflow","registered-s3","none","none","none","man/print.circular_parameterization.Rd","none","KEEP-PENDING-S3-REVIEW","phase-6","no"
"s3:print:gfc_basins","s3","print.gfc_basins","print","gfc_basins","R/compute_gfc_basins.R","PROTECTED","gflow","registered-s3","none","none","none","man/print.gfc_basins.Rd","none","PROTECT","outside-cleanup-scope","yes"
"s3:print:gfc_cell_trajectories","s3","print.gfc_cell_trajectories","print","gfc_cell_trajectories","R/gfc_flow.R","PROTECTED","gflow","registered-s3","none","none","none","man/print.gfc_cell_trajectories.Rd","none","PROTECT","outside-cleanup-scope","yes"
"s3:print:gfc_modulation","s3","print.gfc_modulation","print","gfc_modulation","R/compute_gfc_modulation.R","CORE-ANALYSIS","gflow","registered-s3","none","none","none","man/print.gfc_modulation.Rd","none","KEEP-PENDING-S3-REVIEW","phase-6","no"
"s3:print:gfc.flow","s3","print.gfc.flow","print","gfc.flow","R/gfc_flow.R","PROTECTED","gflow","registered-s3","none","none","none","man/print.gfc.flow.Rd","none","PROTECT","outside-cleanup-scope","yes"
"s3:print:gfcor","s3","print.gfcor","print","gfcor","R/gfcor.R","CORE-ASSOCIATION","gflow","registered-s3","none","none","none","man/print.gfcor.Rd","none","KEEP-AND-CONSOLIDATE","cleanup-release","no"
"s3:print:gflow_cx","s3","print.gflow_cx","print","gflow_cx","R/gflow_cx.R","PROTECTED","gflow","registered-s3","none","none","none","man/print.gflow_cx.Rd","none","PROTECT","outside-cleanup-scope","yes"
"s3:print:gflow_graph","s3","print.gflow_graph","print","gflow_graph","R/gflow_graph.R","CORE-ANALYSIS","gflow","registered-s3","none","none","none","man/print.gflow_graph.Rd","none","KEEP-PENDING-S3-REVIEW","phase-6","no"
"s3:print:gradient_flow_cells","s3","print.gradient_flow_cells","print","gradient_flow_cells","R/gradient_basin_utilities.R","PROTECTED","gflow","registered-s3","none","none","none","man/print.gradient_flow_cells.Rd","none","PROTECT","outside-cleanup-scope","yes"
"s3:print:harmonic_extension","s3","print.harmonic_extension","print","harmonic_extension","R/harmonic_extension.R","CORE-ANALYSIS","gflow","registered-s3","none","none","none","man/print.harmonic_extension.Rd","none","KEEP-PENDING-S3-REVIEW","phase-6","no"
"s3:print:hclust_select_k","s3","print.hclust_select_k","print","hclust_select_k","R/clustering.R","CORE-PRIVATE","gflow-internal-or-specialist-package","registered-s3","none","none","none","man/print.hclust_select_k.Rd","none","REVIEW-AND-DEEXPORT","phase-5-or-6","no"
"s3:print:lcor_matrix_matrix_result","s3","print.lcor_matrix_matrix_result","print","lcor_matrix_matrix_result","R/lcor.R","CORE-ASSOCIATION","gflow","registered-s3","none","none","none","man/print.lcor_matrix_matrix_result.Rd","none","KEEP-AND-CONSOLIDATE","cleanup-release","no"
"s3:print:lcor_vector_matrix_result","s3","print.lcor_vector_matrix_result","print","lcor_vector_matrix_result","R/lcor.R","CORE-ASSOCIATION","gflow","registered-s3","none","none","none","man/print.lcor_vector_matrix_result.Rd","none","KEEP-AND-CONSOLIDATE","cleanup-release","no"
"s3:print:lcor.posterior","s3","print.lcor.posterior","print","lcor.posterior","R/lcor_with_posterior.R","CORE-ASSOCIATION","gflow","registered-s3","none","none","none","none","none","KEEP-AND-CONSOLIDATE","cleanup-release","no"
"s3:print:lslope_gradient_result","s3","print.lslope_gradient_result","print","lslope_gradient_result","R/lslope.R","CORE-ASSOCIATION","gflow","registered-s3","none","none","none","man/print.lslope_gradient_result.Rd","none","KEEP-AND-CONSOLIDATE","cleanup-release","no"
"s3:print:lslope_matrix_matrix_result","s3","print.lslope_matrix_matrix_result","print","lslope_matrix_matrix_result","R/lslope.R","CORE-ASSOCIATION","gflow","registered-s3","none","none","none","man/print.lslope_matrix_matrix_result.Rd","none","KEEP-AND-CONSOLIDATE","cleanup-release","no"
"s3:print:lslope_neighborhood_result","s3","print.lslope_neighborhood_result","print","lslope_neighborhood_result","R/lslope.R","CORE-ASSOCIATION","gflow","registered-s3","none","none","none","man/print.lslope_neighborhood_result.Rd","none","KEEP-AND-CONSOLIDATE","cleanup-release","no"
"s3:print:lslope_vector_matrix_result","s3","print.lslope_vector_matrix_result","print","lslope_vector_matrix_result","R/lslope.R","CORE-ASSOCIATION","gflow","registered-s3","none","none","none","man/print.lslope_vector_matrix_result.Rd","none","KEEP-AND-CONSOLIDATE","cleanup-release","no"
"s3:print:madag","s3","print.madag","print","madag","R/madag.R","CORE-ANALYSIS","gflow","registered-s3","none","none","none","man/print.madag.Rd","none","KEEP-PENDING-S3-REVIEW","phase-6","no"
"s3:print:nerve_complex","s3","print.nerve_complex","print","nerve_complex","R/nerve_cx.R","CORE-ANALYSIS","gflow","registered-s3","none","none","none","man/print.nerve_complex.Rd","none","KEEP-PENDING-S3-REVIEW","phase-6","no"
"s3:print:se_tree","s3","print.se_tree","print","se_tree","R/se_tree.R","CORE-ANALYSIS","gflow","registered-s3","none","none","none","man/print.se_tree.Rd","none","KEEP-PENDING-S3-REVIEW","phase-6","no"
"s3:print:summary.basin_complex","s3","print.summary.basin_complex","print","summary.basin_complex","R/basin_complex.R","PROTECTED","gflow","registered-s3","none","none","none","none","none","PROTECT","outside-cleanup-scope","yes"
"s3:print:summary.basin_cx","s3","print.summary.basin_cx","print","summary.basin_cx","R/basin_cx.R","PROTECTED","gflow","registered-s3","none","none","none","man/print.summary.basin_cx.Rd","none","PROTECT","outside-cleanup-scope","yes"
"s3:print:summary.gfc_basin_trajectories","s3","print.summary.gfc_basin_trajectories","print","summary.gfc_basin_trajectories","R/gfc_flow.R","PROTECTED","gflow","registered-s3","none","none","none","man/print.summary.gfc_basin_trajectories.Rd","none","PROTECT","outside-cleanup-scope","yes"
"s3:print:summary.gfc_cell_trajectories","s3","print.summary.gfc_cell_trajectories","print","summary.gfc_cell_trajectories","R/gfc_flow.R","PROTECTED","gflow","registered-s3","none","none","none","man/print.summary.gfc_cell_trajectories.Rd","none","PROTECT","outside-cleanup-scope","yes"
"s3:print:summary.gfcor","s3","print.summary.gfcor","print","summary.gfcor","R/gfcor.R","CORE-ASSOCIATION","gflow","registered-s3","none","none","none","man/print.summary.gfcor.Rd","none","KEEP-AND-CONSOLIDATE","cleanup-release","no"
"s3:print:summary.gflow_basins","s3","print.summary.gflow_basins","print","summary.gflow_basins","R/gflow_basins.R","PROTECTED","gflow","registered-s3","none","none","none","man/print.summary.gflow_basins.Rd","none","PROTECT","outside-cleanup-scope","yes"
"s3:print:summary.gflow_graph","s3","print.summary.gflow_graph","print","summary.gflow_graph","R/gflow_graph.R","CORE-ANALYSIS","gflow","registered-s3","none","none","none","man/print.summary.gflow_graph.Rd","none","KEEP-PENDING-S3-REVIEW","phase-6","no"
"s3:print:summary.ggflow","s3","print.summary.ggflow","print","summary.ggflow","R/graph_gradient_flow.R","PROTECTED","gflow","registered-s3","none","none","none","man/print.summary.ggflow.Rd","none","PROTECT","outside-cleanup-scope","yes"
"s3:print:summary.lcor.posterior","s3","print.summary.lcor.posterior","print","summary.lcor.posterior","R/lcor_with_posterior.R","CORE-ASSOCIATION","gflow","registered-s3","none","none","none","none","none","KEEP-AND-CONSOLIDATE","cleanup-release","no"
"s3:print:summary.local_extrema","s3","print.summary.local_extrema","print","summary.local_extrema","R/local_extrema.R","PROTECTED","gflow","registered-s3","none","none","none","man/print.summary.local_extrema.Rd","none","PROTECT","outside-cleanup-scope","yes"
"s3:print:weighted.p.summary","s3","print.weighted.p.summary","print","weighted.p.summary","R/pvalue_utils.R","CORE-ASSOCIATION","gflow","registered-s3","none","none","none","man/print.weighted.p.summary.Rd","none","KEEP-AND-CONSOLIDATE","cleanup-release","no"
"s3:show.basin:basin_cx","s3","show.basin.basin_cx","show.basin","basin_cx","R/basin_cx.R","PROTECTED","gflow","registered-s3","none","none","none","man/show.basin.basin_cx.Rd","none","PROTECT","outside-cleanup-scope","yes"
"s3:summary:basin_complex","s3","summary.basin_complex","summary","basin_complex","R/basin_complex.R","PROTECTED","gflow","registered-s3","none","none","tests/testthat/test-basin-complex-phase-b.R","none","none","PROTECT","outside-cleanup-scope","yes"
"s3:summary:basin_cx","s3","summary.basin_cx","summary","basin_cx","R/basin_cx.R","PROTECTED","gflow","registered-s3","none","none","none","man/summary.basin_cx.Rd","none","PROTECT","outside-cleanup-scope","yes"
"s3:summary:basins_of_attraction","s3","summary.basins_of_attraction","summary","basins_of_attraction","R/compute_basins_of_attraction.R","PROTECTED","gflow","registered-s3","none","none","tests/testthat/test-basin-summary-cpp.R","man/summary.basins_of_attraction.Rd","none","PROTECT","outside-cleanup-scope","yes"
"s3:summary:gfc_basin_trajectories","s3","summary.gfc_basin_trajectories","summary","gfc_basin_trajectories","R/gfc_flow.R","PROTECTED","gflow","registered-s3","none","none","none","man/summary.gfc_basin_trajectories.Rd","none","PROTECT","outside-cleanup-scope","yes"
"s3:summary:gfc_cell_trajectories","s3","summary.gfc_cell_trajectories","summary","gfc_cell_trajectories","R/gfc_flow.R","PROTECTED","gflow","registered-s3","none","none","none","man/summary.gfc_cell_trajectories.Rd","none","PROTECT","outside-cleanup-scope","yes"
"s3:summary:gfc.flow","s3","summary.gfc.flow","summary","gfc.flow","R/gfc_flow.R","PROTECTED","gflow","registered-s3","none","none","none","man/summary.gfc.flow.Rd","none","PROTECT","outside-cleanup-scope","yes"
"s3:summary:gfcor","s3","summary.gfcor","summary","gfcor","R/gfcor.R","CORE-ASSOCIATION","gflow","registered-s3","none","none","none","man/summary.gfcor.Rd","none","KEEP-AND-CONSOLIDATE","cleanup-release","no"
"s3:summary:gflow_basins","s3","summary.gflow_basins","summary","gflow_basins","R/gflow_basins.R","PROTECTED","gflow","registered-s3","none","none","none","man/summary.gflow_basins.Rd","none","PROTECT","outside-cleanup-scope","yes"
"s3:summary:gflow_graph","s3","summary.gflow_graph","summary","gflow_graph","R/gflow_graph.R","CORE-ANALYSIS","gflow","registered-s3","none","none","none","man/summary.gflow_graph.Rd","none","KEEP-PENDING-S3-REVIEW","phase-6","no"
"s3:summary:ggflow","s3","summary.ggflow","summary","ggflow","R/graph_gradient_flow.R","PROTECTED","gflow","registered-s3","none","none","none","man/summary.ggflow.Rd","none","PROTECT","outside-cleanup-scope","yes"
"s3:summary:gradient_flow_cells","s3","summary.gradient_flow_cells","summary","gradient_flow_cells","R/gradient_basin_utilities.R","PROTECTED","gflow","registered-s3","none","none","none","man/summary.gradient_flow_cells.Rd","none","PROTECT","outside-cleanup-scope","yes"
"s3:summary:hclust_select_k","s3","summary.hclust_select_k","summary","hclust_select_k","R/clustering.R","CORE-PRIVATE","gflow-internal-or-specialist-package","registered-s3","none","none","none","man/summary.hclust_select_k.Rd","none","REVIEW-AND-DEEXPORT","phase-5-or-6","no"
"s3:summary:lcor_matrix_matrix_result","s3","summary.lcor_matrix_matrix_result","summary","lcor_matrix_matrix_result","R/lcor.R","CORE-ASSOCIATION","gflow","registered-s3","none","none","none","man/summary.lcor_matrix_matrix_result.Rd","none","KEEP-AND-CONSOLIDATE","cleanup-release","no"
"s3:summary:lcor_vector_matrix_result","s3","summary.lcor_vector_matrix_result","summary","lcor_vector_matrix_result","R/lcor.R","CORE-ASSOCIATION","gflow","registered-s3","none","none","none","man/summary.lcor_vector_matrix_result.Rd","none","KEEP-AND-CONSOLIDATE","cleanup-release","no"
"s3:summary:lcor.posterior","s3","summary.lcor.posterior","summary","lcor.posterior","R/lcor_with_posterior.R","CORE-ASSOCIATION","gflow","registered-s3","none","none","none","none","none","KEEP-AND-CONSOLIDATE","cleanup-release","no"
"s3:summary:local_extrema","s3","summary.local_extrema","summary","local_extrema","R/local_extrema.R","PROTECTED","gflow","registered-s3","none","none","none","man/summary.local_extrema.Rd","none","PROTECT","outside-cleanup-scope","yes"
"s3:summary:lslope_matrix_matrix_result","s3","summary.lslope_matrix_matrix_result","summary","lslope_matrix_matrix_result","R/lslope.R","CORE-ASSOCIATION","gflow","registered-s3","none","none","none","man/summary.lslope_matrix_matrix_result.Rd","none","KEEP-AND-CONSOLIDATE","cleanup-release","no"
"s3:summary:lslope_vector_matrix_result","s3","summary.lslope_vector_matrix_result","summary","lslope_vector_matrix_result","R/lslope.R","CORE-ASSOCIATION","gflow","registered-s3","none","none","none","man/summary.lslope_vector_matrix_result.Rd","none","KEEP-AND-CONSOLIDATE","cleanup-release","no"
"s3:summary:madag","s3","summary.madag","summary","madag","R/madag.R","CORE-ANALYSIS","gflow","registered-s3","none","none","none","man/summary.madag.Rd","none","KEEP-PENDING-S3-REVIEW","phase-6","no"
"s3:vertices:feature.carriers","s3","vertices.feature.carriers","vertices","feature.carriers","R/gfc_flow.R","PROTECTED","gflow","registered-s3","test.disk.feature.distance.association;test.disk.feature.distance.association.spt","test.disk.feature.distance.association;test.disk.feature.distance.association.spt","none","man/vertices.feature.carriers.Rd","none","PROTECT","outside-cleanup-scope","yes"
"s3:vertices:local_extrema","s3","vertices.local_extrema","vertices","local_extrema","R/local_extrema.R","PROTECTED","gflow","registered-s3","none","none","none","man/vertices.local_extrema.Rd","none","PROTECT","outside-cleanup-scope","yes"
