branch_id	k	n_components	lcc_size	lcc_frac	age_spearman	age_order_accuracy	pseudotime_continuity	subtype_coherence	n_edges	degree_js_next	edit_distance_next
lognorm_hvg__pca	9	1	2000	1	0.896969138147268	0.892112742775936	1	0.991029075626121	40687	0.27120760691241	34186
lognorm_hvg__pca	15	1	2000	1	0.898005829431093	0.885954523922312	1	0.988660798952894	74873	0.269273926599473	51470
lognorm_hvg__pca	24	1	2000	1	0.896847137368831	0.872690667929891	1	0.982895767870005	126343	0.246114818152991	61478
lognorm_hvg__pca	35	1	2000	1	0.894966453255213	0.862565135007106	1	0.974566209316317	187821	NA	NA
residual_hvg__pca	9	1	2000	1	0.880205462852567	0.869552344860256	1	0.978358856630925	35719	0.425649143390194	32297
residual_hvg__pca	15	1	2000	1	0.870352208206169	0.861913784936049	1	0.973093774811068	68014	0.415674390266953	50661
residual_hvg__pca	24	1	2000	1	0.863244357575602	0.853446234012316	1	0.956230460026798	118667	0.355184690088196	63386
residual_hvg__pca	35	1	2000	1	0.868329965390343	0.852143533870204	1	0.924014963004466	182049	NA	NA
