pair_id	handoff_direction	interaction_p_age_by_phase	slope_s_like	s_like_early_mean	s_like_late_mean	s_like_sign_switch
C3_vs_C4	C3 -> C4	0	0.200404301733926	-0.735628968540581	-0.0582864721550008	FALSE
C1_vs_C5	C5 -> C1	0	0.180253261422831	0.0675137881549291	0.774091530767715	FALSE
C3_vs_C5	C3 -> C5	0	0.0714552731815882	-0.488687301282167	-0.247126509168825	FALSE
C1_vs_C4	C1 -> C4	0	-0.0513042328704926	-0.314455455413344	-0.585251493753891	FALSE
